ProdejID;DatumKey;ZakaznikID;ProduktID;RegionID;ZamestnanecID;Mnozstvi;CenaPoSleve;Sleva;CelkemCzk;NakupniNakladyCzk
1;20231110;6;12;5;15;5;675.0;0.1;3375.0;2437.5
2;20240802;35;4;4;13;1;7990;0;7990;5193.5
3;20220321;34;7;3;9;4;3825.0;0.15;15300.0;11700.0
4;20221223;31;12;1;3;3;750;0;2250;1462.5
5;20220921;30;8;2;7;2;1795.5;0.05;3591.0;2457.0
6;20240229;17;14;4;12;1;1520.0;0.05;1520.0;1040.0
7;20241217;49;9;1;3;1;2200;0;2200;1430.0
8;20230731;20;8;2;6;4;1890;0;7560;4914.0
9;20231016;20;1;2;7;4;25900;0;103600;67340.0
10;20220930;43;11;4;13;4;1450;0;5800;3770.0
11;20241209;2;10;2;7;5;890;0;4450;2892.5
12;20240201;1;10;1;3;4;801.0;0.1;3204.0;2314.0
13;20240503;42;2;1;3;2;18500;0;37000;24050.0
14;20240410;20;2;2;6;5;18500;0;92500;60125.0
15;20240122;5;7;5;16;5;4050.0;0.1;20250.0;14625.0
16;20230117;23;11;3;10;3;1450;0;4350;2827.5
17;20230330;48;11;2;6;3;1377.5;0.05;4132.5;2827.5
18;20220418;33;10;1;3;5;890;0;4450;2892.5
19;20221219;21;3;5;16;3;12900;0;38700;25155.0
20;20230310;18;8;3;9;5;1606.5;0.15;8032.5;6142.5
21;20230116;21;15;5;15;1;1200;0;1200;780.0
22;20240517;42;3;1;3;3;12900;0;38700;25155.0
23;20231204;23;11;3;10;3;1305.0;0.1;3915.0;2827.5
24;20220307;4;11;1;3;4;1450;0;5800;3770.0
25;20241129;18;11;3;10;3;1450;0;4350;2827.5
26;20220420;27;9;5;15;1;2200;0;2200;1430.0
27;20240304;3;14;5;15;3;1440.0;0.1;4320.0;3120.0
28;20220228;17;1;4;13;3;25900;0;77700;50505.0
29;20240314;48;4;2;7;1;7990;0;7990;5193.5
30;20220913;6;15;5;16;2;1200;0;2400;1560.0
31;20240819;10;12;1;3;3;712.5;0.05;2137.5;1462.5
32;20220225;18;13;3;10;1;2660.0;0.05;2660.0;1820.0
33;20230315;14;14;2;6;4;1600;0;6400;4160.0
34;20230418;2;11;2;7;2;1377.5;0.05;2755.0;1885.0
35;20240902;22;6;1;4;5;6460.0;0.05;32300.0;22100.0
36;20240412;4;15;1;4;3;1200;0;3600;2340.0
37;20241112;4;10;1;4;4;890;0;3560;2314.0
38;20240408;43;9;4;12;1;2090.0;0.05;2090.0;1430.0
39;20240117;7;12;3;9;4;750;0;3000;1950.0
40;20230328;34;2;3;9;3;16650.0;0.1;49950.0;36075.0
41;20230802;38;5;3;10;4;15200;0;60800;39520.0
42;20230629;6;4;5;15;4;6791.5;0.15;27166.0;20774.0
43;20220103;46;5;5;16;4;13680.0;0.1;54720.0;39520.0
44;20240729;23;7;3;10;5;4050.0;0.1;20250.0;14625.0
45;20231110;35;8;4;12;2;1701.0;0.1;3402.0;2457.0
46;20220516;22;9;1;3;5;2200;0;11000;7150.0
47;20220207;23;13;3;9;2;2800;0;5600;3640.0
48;20230818;28;10;2;6;1;845.5;0.05;845.5;578.5
49;20240730;35;7;4;12;2;4500;0;9000;5850.0
50;20240115;31;4;1;4;2;6791.5;0.15;13583.0;10387.0
51;20220712;42;4;1;4;1;7590.5;0.05;7590.5;5193.5
52;20240529;44;10;5;16;3;845.5;0.05;2536.5;1735.5
53;20231114;41;15;5;16;2;1020.0;0.15;2040.0;1560.0
54;20231128;23;14;3;9;3;1440.0;0.1;4320.0;3120.0
55;20230126;37;2;3;10;3;18500;0;55500;36075.0
56;20221129;38;2;3;10;2;18500;0;37000;24050.0
57;20230420;14;2;2;7;4;17575.0;0.05;70300.0;48100.0
58;20240418;12;4;4;12;4;7590.5;0.05;30362.0;20774.0
59;20230306;27;8;5;16;1;1890;0;1890;1228.5
60;20221114;43;12;4;13;5;675.0;0.1;3375.0;2437.5
61;20230713;15;7;2;7;4;4500;0;18000;11700.0
62;20240612;17;14;4;12;4;1600;0;6400;4160.0
63;20240711;43;10;4;13;1;890;0;890;578.5
64;20230629;28;3;2;7;1;12900;0;12900;8385.0
65;20230203;28;6;2;7;3;6460.0;0.05;19380.0;13260.0
66;20240214;11;8;3;9;1;1606.5;0.15;1606.5;1228.5
67;20220301;23;11;3;9;1;1232.5;0.15;1232.5;942.5
68;20220809;14;14;2;6;1;1440.0;0.1;1440.0;1040.0
69;20221110;28;11;2;7;1;1305.0;0.1;1305.0;942.5
70;20241209;32;3;3;9;5;11610.0;0.1;58050.0;41925.0
71;20230324;15;2;2;7;5;18500;0;92500;60125.0
72;20240619;17;2;4;12;5;15725.0;0.15;78625.0;60125.0
73;20240322;22;14;1;3;5;1600;0;8000;5200.0
74;20231228;38;7;3;10;3;4500;0;13500;8775.0
75;20230914;31;14;1;4;4;1600;0;6400;4160.0
76;20240119;17;7;4;13;2;3825.0;0.15;7650.0;5850.0
77;20230919;44;13;5;16;4;2660.0;0.05;10640.0;7280.0
78;20231010;23;14;3;9;1;1600;0;1600;1040.0
79;20220211;43;10;4;13;4;890;0;3560;2314.0
80;20230106;18;8;3;10;2;1890;0;3780;2457.0
81;20220117;39;12;3;9;3;675.0;0.1;2025.0;1462.5
82;20240307;19;12;1;3;4;712.5;0.05;2850.0;1950.0
83;20230228;35;8;4;12;1;1890;0;1890;1228.5
84;20231110;17;5;4;13;5;15200;0;76000;49400.0
85;20231013;43;6;4;13;3;5780.0;0.15;17340.0;13260.0
86;20221005;26;4;3;10;1;6791.5;0.15;6791.5;5193.5
87;20221108;42;13;1;4;2;2800;0;5600;3640.0
88;20230210;45;10;3;9;5;801.0;0.1;4005.0;2892.5
89;20230310;15;4;2;6;3;7990;0;23970;15580.5
90;20240305;6;5;5;16;1;15200;0;15200;9880.0
91;20220119;48;14;2;7;4;1600;0;6400;4160.0
92;20220316;35;8;4;13;3;1890;0;5670;3685.5
93;20231207;12;14;4;12;1;1520.0;0.05;1520.0;1040.0
94;20220803;50;11;5;16;1;1450;0;1450;942.5
95;20240520;19;2;1;3;5;17575.0;0.05;87875.0;60125.0
96;20240424;27;8;5;16;4;1890;0;7560;4914.0
97;20241127;39;10;3;9;1;801.0;0.1;801.0;578.5
98;20220428;48;4;2;6;3;6791.5;0.15;20374.5;15580.5
99;20220105;9;9;2;7;1;2200;0;2200;1430.0
100;20221130;43;8;4;13;3;1890;0;5670;3685.5
101;20240912;45;14;3;9;4;1600;0;6400;4160.0
102;20220615;40;10;3;9;2;845.5;0.05;1691.0;1157.0
103;20220329;15;14;2;6;2;1600;0;3200;2080.0
104;20230922;39;12;3;9;5;750;0;3750;2437.5
105;20231220;25;12;4;13;4;750;0;3000;1950.0
106;20241120;12;10;4;13;1;845.5;0.05;845.5;578.5
107;20240826;21;1;5;15;1;25900;0;25900;16835.0
108;20240116;39;1;3;10;2;24605.0;0.05;49210.0;33670.0
109;20231207;18;10;3;9;4;756.5;0.15;3026.0;2314.0
110;20240820;25;7;4;12;3;4500;0;13500;8775.0
111;20240808;16;7;2;7;4;4500;0;18000;11700.0
112;20221229;3;8;5;16;1;1890;0;1890;1228.5
113;20240801;31;14;1;4;5;1600;0;8000;5200.0
114;20240612;12;4;4;13;5;7990;0;39950;25967.5
115;20220708;12;4;4;13;3;7191.0;0.1;21573.0;15580.5
116;20240523;35;2;4;12;1;15725.0;0.15;15725.0;12025.0
117;20230809;15;9;2;6;1;1980.0;0.1;1980.0;1430.0
118;20220810;8;8;2;7;1;1606.5;0.15;1606.5;1228.5
119;20231124;38;12;3;10;3;712.5;0.05;2137.5;1462.5
120;20221003;28;9;2;6;2;2090.0;0.05;4180.0;2860.0
121;20231229;22;13;1;4;4;2800;0;11200;7280.0
122;20240411;22;12;1;4;3;675.0;0.1;2025.0;1462.5
123;20230424;28;9;2;7;4;2200;0;8800;5720.0
124;20221209;25;14;4;13;2;1360.0;0.15;2720.0;2080.0
125;20231110;20;1;2;7;3;22015.0;0.15;66045.0;50505.0
126;20231222;17;8;4;13;1;1890;0;1890;1228.5
127;20220124;33;2;1;3;5;17575.0;0.05;87875.0;60125.0
128;20230502;17;2;4;13;4;18500;0;74000;48100.0
129;20230331;29;14;1;4;5;1520.0;0.05;7600.0;5200.0
130;20240625;3;10;5;16;1;890;0;890;578.5
131;20241007;8;7;2;6;1;3825.0;0.15;3825.0;2925.0
132;20220309;17;12;4;13;3;750;0;2250;1462.5
133;20220729;22;6;1;3;3;6460.0;0.05;19380.0;13260.0
134;20220909;27;10;5;15;2;890;0;1780;1157.0
135;20240417;27;10;5;15;2;845.5;0.05;1691.0;1157.0
136;20230103;28;11;2;6;3;1377.5;0.05;4132.5;2827.5
137;20220418;25;11;4;13;5;1450;0;7250;4712.5
138;20221227;39;5;3;10;4;12920.0;0.15;51680.0;39520.0
139;20221207;23;7;3;10;4;4500;0;18000;11700.0
140;20230301;24;10;5;15;3;756.5;0.15;2269.5;1735.5
141;20241204;25;1;4;12;5;22015.0;0.15;110075.0;84175.0
142;20240521;41;14;5;16;3;1600;0;4800;3120.0
143;20240830;48;4;2;6;5;7990;0;39950;25967.5
144;20230926;49;11;1;3;1;1450;0;1450;942.5
145;20230301;24;12;5;16;2;750;0;1500;975.0
146;20230609;17;4;4;13;2;7191.0;0.1;14382.0;10387.0
147;20241206;15;15;2;7;4;1200;0;4800;3120.0
148;20240828;33;2;1;4;2;18500;0;37000;24050.0
149;20230116;24;2;5;15;4;18500;0;74000;48100.0
150;20230703;25;11;4;13;3;1305.0;0.1;3915.0;2827.5
151;20240607;49;4;1;4;4;7990;0;31960;20774.0
152;20231030;13;11;5;16;1;1232.5;0.15;1232.5;942.5
153;20230314;12;3;4;13;1;12900;0;12900;8385.0
154;20230712;4;4;1;4;5;7990;0;39950;25967.5
155;20240423;40;12;3;9;5;712.5;0.05;3562.5;2437.5
156;20230809;12;14;4;13;4;1440.0;0.1;5760.0;4160.0
157;20221206;29;4;1;4;4;7590.5;0.05;30362.0;20774.0
158;20230531;49;6;1;3;5;5780.0;0.15;28900.0;22100.0
159;20220512;25;4;4;12;1;7590.5;0.05;7590.5;5193.5
160;20220630;3;1;5;15;3;25900;0;77700;50505.0
161;20221201;42;4;1;4;5;7990;0;39950;25967.5
162;20220707;36;1;2;7;3;25900;0;77700;50505.0
163;20220124;8;11;2;7;1;1450;0;1450;942.5
164;20230117;36;6;2;6;1;6800;0;6800;4420.0
165;20220404;20;9;2;7;1;1870.0;0.15;1870.0;1430.0
166;20231011;25;9;4;12;5;2200;0;11000;7150.0
167;20231020;3;12;5;15;5;750;0;3750;2437.5
168;20240911;33;14;1;3;4;1520.0;0.05;6080.0;4160.0
169;20240522;35;2;4;12;1;18500;0;18500;12025.0
170;20240419;10;5;1;4;5;12920.0;0.15;64600.0;49400.0
171;20231227;43;9;4;13;3;2090.0;0.05;6270.0;4290.0
172;20221107;4;14;1;4;5;1360.0;0.15;6800.0;5200.0
173;20230727;17;7;4;13;3;4275.0;0.05;12825.0;8775.0
174;20230103;29;7;1;4;3;3825.0;0.15;11475.0;8775.0
175;20220512;48;15;2;6;4;1200;0;4800;3120.0
176;20240308;31;2;1;3;3;18500;0;55500;36075.0
177;20220627;44;9;5;16;3;1870.0;0.15;5610.0;4290.0
178;20220316;40;13;3;10;4;2380.0;0.15;9520.0;7280.0
179;20231229;21;6;5;15;1;6120.0;0.1;6120.0;4420.0
180;20230518;48;8;2;7;2;1890;0;3780;2457.0
181;20240315;22;10;1;3;2;845.5;0.05;1691.0;1157.0
182;20220916;50;14;5;16;3;1600;0;4800;3120.0
183;20220726;32;6;3;10;1;6800;0;6800;4420.0
184;20241206;10;12;1;3;1;750;0;750;487.5
185;20230615;35;8;4;13;3;1890;0;5670;3685.5
186;20220812;39;10;3;9;1;890;0;890;578.5
187;20230928;3;11;5;16;1;1450;0;1450;942.5
188;20221107;43;8;4;12;4;1890;0;7560;4914.0
189;20240830;34;2;3;10;3;15725.0;0.15;47175.0;36075.0
190;20230721;50;5;5;15;1;15200;0;15200;9880.0
191;20230103;19;5;1;4;2;15200;0;30400;19760.0
192;20230911;11;1;3;9;4;22015.0;0.15;88060.0;67340.0
193;20240313;20;9;2;7;2;1980.0;0.1;3960.0;2860.0
194;20220128;31;14;1;4;1;1520.0;0.05;1520.0;1040.0
195;20230804;29;10;1;4;4;801.0;0.1;3204.0;2314.0
196;20220905;11;7;3;10;1;4500;0;4500;2925.0
197;20230919;11;7;3;10;1;4500;0;4500;2925.0
198;20230503;5;7;5;15;3;3825.0;0.15;11475.0;8775.0
199;20220614;18;2;3;9;5;15725.0;0.15;78625.0;60125.0
200;20220530;32;12;3;9;2;750;0;1500;975.0
201;20241226;23;3;3;9;5;12900;0;64500;41925.0
202;20241226;48;8;2;7;4;1701.0;0.1;6804.0;4914.0
203;20240619;50;11;5;16;5;1450;0;7250;4712.5
204;20240625;28;2;2;7;4;17575.0;0.05;70300.0;48100.0
205;20220418;39;1;3;10;3;23310.0;0.1;69930.0;50505.0
206;20230216;35;1;4;12;1;25900;0;25900;16835.0
207;20231026;47;10;1;3;5;845.5;0.05;4227.5;2892.5
208;20240517;43;11;4;13;2;1450;0;2900;1885.0
209;20230509;6;1;5;15;4;25900;0;103600;67340.0
210;20241011;50;3;5;16;1;12900;0;12900;8385.0
211;20230607;43;9;4;13;5;2200;0;11000;7150.0
212;20240508;34;7;3;9;3;3825.0;0.15;11475.0;8775.0
213;20240830;11;6;3;10;1;6120.0;0.1;6120.0;4420.0
214;20230425;26;12;3;9;5;750;0;3750;2437.5
215;20240730;50;3;5;16;3;12900;0;38700;25155.0
216;20240313;36;12;2;7;1;750;0;750;487.5
217;20240716;18;11;3;10;5;1450;0;7250;4712.5
218;20220916;24;1;5;15;3;25900;0;77700;50505.0
219;20220811;37;4;3;9;2;7990;0;15980;10387.0
220;20240126;11;9;3;9;5;1870.0;0.15;9350.0;7150.0
221;20220810;39;3;3;9;5;12255.0;0.05;61275.0;41925.0
222;20230921;36;13;2;6;2;2380.0;0.15;4760.0;3640.0
223;20240527;25;11;4;13;2;1377.5;0.05;2755.0;1885.0
224;20231106;17;9;4;12;2;2200;0;4400;2860.0
225;20230209;40;10;3;10;4;845.5;0.05;3382.0;2314.0
226;20240517;44;7;5;15;2;4500;0;9000;5850.0
227;20240306;7;11;3;9;4;1450;0;5800;3770.0
228;20230127;5;5;5;16;1;15200;0;15200;9880.0
229;20221116;6;14;5;16;4;1600;0;6400;4160.0
230;20231222;7;7;3;10;1;4275.0;0.05;4275.0;2925.0
231;20220210;20;2;2;7;3;18500;0;55500;36075.0
232;20220225;49;6;1;4;2;6800;0;13600;8840.0
233;20240603;17;13;4;12;4;2660.0;0.05;10640.0;7280.0
234;20240227;1;5;1;4;2;15200;0;30400;19760.0
235;20220310;22;4;1;3;3;7990;0;23970;15580.5
236;20231219;43;8;4;12;1;1890;0;1890;1228.5
237;20230908;46;4;5;15;2;7990;0;15980;10387.0
238;20220927;24;4;5;15;5;7590.5;0.05;37952.5;25967.5
239;20231229;24;2;5;15;5;16650.0;0.1;83250.0;60125.0
240;20221230;35;1;4;12;4;25900;0;103600;67340.0
241;20240731;11;6;3;9;2;5780.0;0.15;11560.0;8840.0
242;20240223;24;3;5;16;1;12900;0;12900;8385.0
243;20220920;48;8;2;6;4;1606.5;0.15;6426.0;4914.0
244;20220304;33;1;1;3;3;25900;0;77700;50505.0
245;20230726;29;15;1;4;3;1080.0;0.1;3240.0;2340.0
246;20230529;7;13;3;9;2;2800;0;5600;3640.0
247;20230728;26;2;3;10;3;17575.0;0.05;52725.0;36075.0
248;20231215;25;3;4;13;4;10965.0;0.15;43860.0;33540.0
249;20230901;21;13;5;15;1;2380.0;0.15;2380.0;1820.0
250;20230227;43;14;4;13;2;1440.0;0.1;2880.0;2080.0
251;20231003;4;6;1;4;3;6800;0;20400;13260.0
252;20241108;28;6;2;7;4;6800;0;27200;17680.0
253;20240821;27;5;5;16;1;15200;0;15200;9880.0
254;20220726;38;13;3;10;2;2800;0;5600;3640.0
255;20230612;10;2;1;4;2;15725.0;0.15;31450.0;24050.0
256;20240902;43;1;4;13;5;25900;0;129500;84175.0
257;20220718;32;8;3;10;1;1701.0;0.1;1701.0;1228.5
258;20220614;25;11;4;12;3;1450;0;4350;2827.5
259;20220620;28;9;2;7;4;1980.0;0.1;7920.0;5720.0
260;20230215;45;8;3;10;2;1701.0;0.1;3402.0;2457.0
261;20220906;8;3;2;7;1;12255.0;0.05;12255.0;8385.0
262;20230515;49;14;1;3;3;1360.0;0.15;4080.0;3120.0
263;20241017;44;5;5;15;3;15200;0;45600;29640.0
264;20220720;38;4;3;9;1;7990;0;7990;5193.5
265;20230614;12;6;4;13;5;6120.0;0.1;30600.0;22100.0
266;20230321;6;10;5;16;1;890;0;890;578.5
267;20220418;43;7;4;12;4;4050.0;0.1;16200.0;11700.0
268;20240903;40;2;3;10;4;17575.0;0.05;70300.0;48100.0
269;20220706;30;11;2;7;5;1450;0;7250;4712.5
270;20220809;3;14;5;16;1;1440.0;0.1;1440.0;1040.0
271;20240116;9;6;2;7;2;6800;0;13600;8840.0
272;20220630;22;4;1;4;5;7990;0;39950;25967.5
273;20220831;44;2;5;15;5;15725.0;0.15;78625.0;60125.0
274;20240320;48;10;2;6;5;890;0;4450;2892.5
275;20240723;4;1;1;3;5;25900;0;129500;84175.0
276;20240619;27;10;5;16;1;845.5;0.05;845.5;578.5
277;20231013;37;4;3;9;4;7990;0;31960;20774.0
278;20231030;10;8;1;3;4;1795.5;0.05;7182.0;4914.0
279;20230404;39;3;3;10;3;10965.0;0.15;32895.0;25155.0
280;20240318;17;13;4;12;3;2520.0;0.1;7560.0;5460.0
281;20231009;23;8;3;9;1;1890;0;1890;1228.5
282;20240603;8;1;2;7;3;24605.0;0.05;73815.0;50505.0
283;20241031;9;14;2;7;3;1440.0;0.1;4320.0;3120.0
284;20231218;9;8;2;7;5;1795.5;0.05;8977.5;6142.5
285;20231019;12;2;4;12;4;16650.0;0.1;66600.0;48100.0
286;20230209;36;6;2;7;1;6800;0;6800;4420.0
287;20240209;50;11;5;15;4;1450;0;5800;3770.0
288;20230609;31;3;1;4;3;10965.0;0.15;32895.0;25155.0
289;20240318;7;7;3;9;1;4050.0;0.1;4050.0;2925.0
290;20231226;38;5;3;10;1;14440.0;0.05;14440.0;9880.0
291;20240527;21;14;5;15;5;1360.0;0.15;6800.0;5200.0
292;20240312;8;7;2;7;3;4500;0;13500;8775.0
293;20231220;14;10;2;6;5;845.5;0.05;4227.5;2892.5
294;20240116;1;3;1;4;3;12255.0;0.05;36765.0;25155.0
295;20230417;36;15;2;7;5;1200;0;6000;3900.0
296;20230428;20;10;2;7;3;801.0;0.1;2403.0;1735.5
297;20230421;21;8;5;15;1;1890;0;1890;1228.5
298;20231113;43;5;4;13;1;13680.0;0.1;13680.0;9880.0
299;20231121;46;4;5;15;1;7191.0;0.1;7191.0;5193.5
300;20220802;50;12;5;15;5;712.5;0.05;3562.5;2437.5
301;20220128;47;12;1;4;1;750;0;750;487.5
302;20221020;34;3;3;10;4;10965.0;0.15;43860.0;33540.0
303;20241108;46;15;5;15;4;1020.0;0.15;4080.0;3120.0
304;20240808;30;4;2;7;5;7990;0;39950;25967.5
305;20240205;27;6;5;16;2;6460.0;0.05;12920.0;8840.0
306;20231127;24;11;5;15;3;1305.0;0.1;3915.0;2827.5
307;20230303;15;9;2;7;3;2200;0;6600;4290.0
308;20240314;28;6;2;7;4;6800;0;27200;17680.0
309;20230721;11;10;3;10;5;845.5;0.05;4227.5;2892.5
310;20220425;15;1;2;7;3;22015.0;0.15;66045.0;50505.0
311;20221018;25;12;4;13;4;750;0;3000;1950.0
312;20241128;21;3;5;15;1;11610.0;0.1;11610.0;8385.0
313;20240704;2;11;2;6;5;1450;0;7250;4712.5
314;20231109;4;7;1;3;3;3825.0;0.15;11475.0;8775.0
315;20240725;2;9;2;7;2;2090.0;0.05;4180.0;2860.0
316;20230215;17;13;4;12;3;2800;0;8400;5460.0
317;20241126;49;10;1;3;2;801.0;0.1;1602.0;1157.0
318;20230725;20;15;2;7;2;1200;0;2400;1560.0
319;20230306;15;15;2;6;1;1200;0;1200;780.0
320;20231211;26;8;3;9;5;1701.0;0.1;8505.0;6142.5
321;20230420;41;5;5;15;2;15200;0;30400;19760.0
322;20241122;25;12;4;13;2;750;0;1500;975.0
323;20240527;39;11;3;10;2;1450;0;2900;1885.0
324;20240819;43;6;4;12;1;6460.0;0.05;6460.0;4420.0
325;20220111;9;8;2;7;3;1890;0;5670;3685.5
326;20230310;17;8;4;12;3;1890;0;5670;3685.5
327;20240815;40;6;3;9;2;6800;0;13600;8840.0
328;20231222;25;3;4;13;4;10965.0;0.15;43860.0;33540.0
329;20240531;49;15;1;3;3;1200;0;3600;2340.0
330;20241209;9;8;2;7;2;1795.5;0.05;3591.0;2457.0
331;20240812;43;15;4;12;4;1080.0;0.1;4320.0;3120.0
332;20240125;48;13;2;7;5;2800;0;14000;9100.0
333;20220331;24;2;5;15;5;18500;0;92500;60125.0
334;20240117;44;3;5;16;2;12900;0;25800;16770.0
335;20220512;49;4;1;4;5;7590.5;0.05;37952.5;25967.5
336;20231018;33;3;1;3;5;12255.0;0.05;61275.0;41925.0
337;20220202;41;11;5;16;3;1232.5;0.15;3697.5;2827.5
338;20220415;7;12;3;9;2;675.0;0.1;1350.0;975.0
339;20220329;25;12;4;12;1;675.0;0.1;675.0;487.5
340;20220714;12;5;4;13;4;15200;0;60800;39520.0
341;20220427;34;8;3;9;4;1795.5;0.05;7182.0;4914.0
342;20240130;11;3;3;9;5;12255.0;0.05;61275.0;41925.0
343;20231027;2;13;2;7;1;2800;0;2800;1820.0
344;20231024;27;14;5;16;2;1600;0;3200;2080.0
345;20240806;15;4;2;7;1;7990;0;7990;5193.5
346;20220526;3;4;5;15;2;7990;0;15980;10387.0
347;20241128;43;11;4;12;1;1450;0;1450;942.5
348;20241218;35;4;4;12;5;7990;0;39950;25967.5
349;20240405;30;5;2;7;2;12920.0;0.15;25840.0;19760.0
350;20230310;46;13;5;15;3;2800;0;8400;5460.0
351;20220330;13;7;5;15;3;4500;0;13500;8775.0
352;20240711;43;8;4;13;1;1890;0;1890;1228.5
353;20220803;24;12;5;16;4;712.5;0.05;2850.0;1950.0
354;20221213;17;13;4;12;5;2660.0;0.05;13300.0;9100.0
355;20240318;45;3;3;10;4;12900;0;51600;33540.0
356;20221215;43;9;4;13;2;2090.0;0.05;4180.0;2860.0
357;20230616;16;11;2;6;1;1377.5;0.05;1377.5;942.5
358;20240823;13;1;5;15;3;24605.0;0.05;73815.0;50505.0
359;20240821;19;13;1;3;5;2380.0;0.15;11900.0;9100.0
360;20220124;17;14;4;12;3;1600;0;4800;3120.0
361;20240925;8;12;2;6;4;750;0;3000;1950.0
362;20230630;17;9;4;13;3;2200;0;6600;4290.0
363;20230601;50;6;5;16;3;6800;0;20400;13260.0
364;20221020;12;13;4;13;4;2800;0;11200;7280.0
365;20241129;34;1;3;9;5;25900;0;129500;84175.0
366;20241030;22;9;1;4;5;1980.0;0.1;9900.0;7150.0
367;20230629;18;4;3;9;3;7990;0;23970;15580.5
368;20241231;43;11;4;13;3;1450;0;4350;2827.5
369;20220721;35;3;4;13;3;12900;0;38700;25155.0
370;20220218;30;11;2;6;1;1305.0;0.1;1305.0;942.5
371;20221129;1;7;1;3;2;3825.0;0.15;7650.0;5850.0
372;20230621;2;4;2;6;5;7590.5;0.05;37952.5;25967.5
373;20240805;50;11;5;16;5;1377.5;0.05;6887.5;4712.5
374;20220119;1;9;1;3;5;2090.0;0.05;10450.0;7150.0
375;20231222;21;9;5;16;3;2200;0;6600;4290.0
376;20220803;8;15;2;6;1;1080.0;0.1;1080.0;780.0
377;20230119;36;9;2;7;3;2200;0;6600;4290.0
378;20221216;29;7;1;3;4;4050.0;0.1;16200.0;11700.0
379;20240722;40;14;3;9;1;1360.0;0.15;1360.0;1040.0
380;20231115;31;7;1;3;4;4050.0;0.1;16200.0;11700.0
381;20240715;10;2;1;4;4;17575.0;0.05;70300.0;48100.0
382;20221128;5;15;5;15;5;1200;0;6000;3900.0
383;20240909;41;5;5;16;1;15200;0;15200;9880.0
384;20230329;46;11;5;15;1;1450;0;1450;942.5
385;20230307;36;3;2;6;4;12900;0;51600;33540.0
386;20240215;13;10;5;16;4;756.5;0.15;3026.0;2314.0
387;20241205;17;13;4;13;1;2520.0;0.1;2520.0;1820.0
388;20230504;4;7;1;4;2;4500;0;9000;5850.0
389;20231206;7;11;3;9;3;1377.5;0.05;4132.5;2827.5
390;20240903;38;7;3;10;4;4500;0;18000;11700.0
391;20220418;47;5;1;3;2;12920.0;0.15;25840.0;19760.0
392;20230713;18;7;3;10;2;3825.0;0.15;7650.0;5850.0
393;20231002;11;2;3;10;1;18500;0;18500;12025.0
394;20230912;11;3;3;10;1;12900;0;12900;8385.0
395;20220208;44;9;5;15;4;2200;0;8800;5720.0
396;20230412;38;2;3;10;5;16650.0;0.1;83250.0;60125.0
397;20241106;22;7;1;3;4;4500;0;18000;11700.0
398;20220720;44;3;5;16;4;12900;0;51600;33540.0
399;20220830;26;8;3;10;2;1890;0;3780;2457.0
400;20230602;34;5;3;10;4;15200;0;60800;39520.0
401;20221010;48;8;2;7;5;1701.0;0.1;8505.0;6142.5
402;20230424;10;5;1;4;1;14440.0;0.05;14440.0;9880.0
403;20240502;37;6;3;9;4;5780.0;0.15;23120.0;17680.0
404;20230328;32;10;3;9;2;845.5;0.05;1691.0;1157.0
405;20221215;25;5;4;13;4;13680.0;0.1;54720.0;39520.0
406;20220614;25;14;4;12;4;1600;0;6400;4160.0
407;20241108;44;3;5;16;5;12900;0;64500;41925.0
408;20220411;28;13;2;7;3;2380.0;0.15;7140.0;5460.0
409;20221229;17;11;4;12;3;1450;0;4350;2827.5
410;20231120;35;2;4;13;4;16650.0;0.1;66600.0;48100.0
411;20220223;44;15;5;16;4;1080.0;0.1;4320.0;3120.0
412;20221223;46;11;5;16;1;1450;0;1450;942.5
413;20240715;48;10;2;7;1;801.0;0.1;801.0;578.5
414;20230106;34;2;3;9;1;18500;0;18500;12025.0
415;20240405;44;9;5;15;5;1870.0;0.15;9350.0;7150.0
416;20240424;25;7;4;12;4;3825.0;0.15;15300.0;11700.0
417;20230821;7;8;3;9;1;1890;0;1890;1228.5
418;20231017;10;6;1;3;3;6800;0;20400;13260.0
419;20230921;41;6;5;16;4;6800;0;27200;17680.0
420;20220615;11;5;3;9;1;12920.0;0.15;12920.0;9880.0
421;20221216;40;2;3;9;2;15725.0;0.15;31450.0;24050.0
422;20231026;6;6;5;15;5;6460.0;0.05;32300.0;22100.0
423;20220211;17;3;4;12;4;12255.0;0.05;49020.0;33540.0
424;20241008;43;7;4;12;4;4500;0;18000;11700.0
425;20220527;15;13;2;6;1;2520.0;0.1;2520.0;1820.0
426;20230112;32;4;3;10;4;7990;0;31960;20774.0
427;20240527;50;6;5;16;5;6460.0;0.05;32300.0;22100.0
428;20240605;5;6;5;15;3;6460.0;0.05;19380.0;13260.0
429;20220713;39;10;3;10;1;756.5;0.15;756.5;578.5
430;20230621;19;5;1;3;1;15200;0;15200;9880.0
431;20240404;27;7;5;16;5;4500;0;22500;14625.0
432;20240715;17;8;4;12;5;1606.5;0.15;8032.5;6142.5
433;20220927;6;8;5;16;3;1890;0;5670;3685.5
434;20231128;43;1;4;12;3;25900;0;77700;50505.0
435;20231212;20;9;2;7;5;1870.0;0.15;9350.0;7150.0
436;20220830;35;12;4;12;4;712.5;0.05;2850.0;1950.0
437;20220217;3;13;5;16;2;2800;0;5600;3640.0
438;20240322;30;5;2;7;2;14440.0;0.05;28880.0;19760.0
439;20230120;44;2;5;16;5;18500;0;92500;60125.0
440;20221110;3;13;5;16;4;2520.0;0.1;10080.0;7280.0
441;20220217;49;13;1;4;2;2800;0;5600;3640.0
442;20220620;32;14;3;9;1;1520.0;0.05;1520.0;1040.0
443;20240524;36;12;2;7;3;637.5;0.15;1912.5;1462.5
444;20220328;36;3;2;7;2;12900;0;25800;16770.0
445;20230411;21;10;5;16;5;890;0;4450;2892.5
446;20220518;39;5;3;9;5;12920.0;0.15;64600.0;49400.0
447;20220711;12;5;4;12;2;12920.0;0.15;25840.0;19760.0
448;20230719;16;14;2;7;2;1360.0;0.15;2720.0;2080.0
449;20230818;36;11;2;7;3;1232.5;0.15;3697.5;2827.5
450;20240110;12;11;4;13;1;1377.5;0.05;1377.5;942.5
451;20220105;37;8;3;9;3;1701.0;0.1;5103.0;3685.5
452;20230726;25;14;4;12;1;1440.0;0.1;1440.0;1040.0
453;20230213;17;8;4;13;3;1890;0;5670;3685.5
454;20230509;46;3;5;15;5;12255.0;0.05;61275.0;41925.0
455;20220629;4;11;1;3;4;1450;0;5800;3770.0
456;20240916;35;1;4;12;4;25900;0;103600;67340.0
457;20240729;18;14;3;10;3;1600;0;4800;3120.0
458;20230724;11;6;3;10;2;6800;0;13600;8840.0
459;20220518;20;11;2;6;1;1232.5;0.15;1232.5;942.5
460;20221122;28;2;2;7;2;16650.0;0.1;33300.0;24050.0
461;20230830;1;12;1;3;3;750;0;2250;1462.5
462;20241114;12;4;4;12;4;7990;0;31960;20774.0
463;20230704;29;6;1;3;3;6800;0;20400;13260.0
464;20240524;8;9;2;6;5;2200;0;11000;7150.0
465;20241210;25;12;4;12;2;637.5;0.15;1275.0;975.0
466;20220505;43;11;4;12;4;1450;0;5800;3770.0
467;20230908;8;10;2;7;4;890;0;3560;2314.0
468;20240305;14;5;2;7;1;15200;0;15200;9880.0
469;20240115;49;15;1;3;3;1200;0;3600;2340.0
470;20231212;25;11;4;13;1;1450;0;1450;942.5
471;20240129;19;8;1;3;5;1890;0;9450;6142.5
472;20230828;32;3;3;10;4;11610.0;0.1;46440.0;33540.0
473;20220126;50;3;5;15;4;12900;0;51600;33540.0
474;20230726;22;4;1;4;1;7990;0;7990;5193.5
475;20240708;27;7;5;15;4;4500;0;18000;11700.0
476;20221020;11;5;3;9;1;13680.0;0.1;13680.0;9880.0
477;20241231;24;7;5;15;5;3825.0;0.15;19125.0;14625.0
478;20221219;45;7;3;9;2;4500;0;9000;5850.0
479;20220322;12;8;4;13;5;1701.0;0.1;8505.0;6142.5
480;20220118;8;1;2;6;2;22015.0;0.15;44030.0;33670.0
481;20230109;25;9;4;12;5;1870.0;0.15;9350.0;7150.0
482;20220620;18;12;3;9;3;637.5;0.15;1912.5;1462.5
483;20230113;34;5;3;9;5;15200;0;76000;49400.0
484;20231219;35;9;4;12;3;2200;0;6600;4290.0
485;20240826;18;5;3;9;1;13680.0;0.1;13680.0;9880.0
486;20221219;30;1;2;6;1;25900;0;25900;16835.0
487;20220222;25;7;4;13;2;4500;0;9000;5850.0
488;20230405;16;4;2;7;4;6791.5;0.15;27166.0;20774.0
489;20240823;47;6;1;3;1;6120.0;0.1;6120.0;4420.0
490;20230731;14;13;2;6;5;2800;0;14000;9100.0
491;20220505;25;13;4;13;3;2800;0;8400;5460.0
492;20230314;29;4;1;3;3;7191.0;0.1;21573.0;15580.5
493;20241118;25;10;4;12;4;890;0;3560;2314.0
494;20221201;2;15;2;7;4;1200;0;4800;3120.0
495;20241108;29;1;1;4;4;22015.0;0.15;88060.0;67340.0
496;20231207;19;9;1;3;2;2090.0;0.05;4180.0;2860.0
497;20240117;15;2;2;7;1;18500;0;18500;12025.0
498;20220518;37;12;3;9;1;675.0;0.1;675.0;487.5
499;20230918;12;10;4;12;5;890;0;4450;2892.5
500;20241002;15;5;2;7;3;14440.0;0.05;43320.0;29640.0
501;20221019;37;5;3;9;2;15200;0;30400;19760.0
502;20231009;5;3;5;16;1;12900;0;12900;8385.0
503;20221026;34;2;3;10;5;18500;0;92500;60125.0
504;20220816;37;5;3;10;1;15200;0;15200;9880.0
505;20220512;3;4;5;15;3;7990;0;23970;15580.5
506;20230307;34;9;3;10;1;1870.0;0.15;1870.0;1430.0
507;20241210;2;7;2;6;4;4050.0;0.1;16200.0;11700.0
508;20220119;33;2;1;3;2;18500;0;37000;24050.0
509;20240911;9;4;2;6;4;7990;0;31960;20774.0
510;20220405;46;5;5;15;1;15200;0;15200;9880.0
511;20220303;17;2;4;13;3;18500;0;55500;36075.0
512;20241105;10;15;1;4;5;1140.0;0.05;5700.0;3900.0
513;20230524;12;7;4;12;4;4500;0;18000;11700.0
514;20220221;15;5;2;6;4;15200;0;60800;39520.0
515;20220330;37;7;3;9;5;4275.0;0.05;21375.0;14625.0
516;20240711;34;3;3;9;4;12900;0;51600;33540.0
517;20240221;3;7;5;16;3;4275.0;0.05;12825.0;8775.0
518;20230124;39;9;3;9;3;2090.0;0.05;6270.0;4290.0
519;20230208;29;10;1;3;2;890;0;1780;1157.0
520;20220818;43;6;4;12;5;6800;0;34000;22100.0
521;20241122;48;4;2;6;3;7191.0;0.1;21573.0;15580.5
522;20220907;36;14;2;6;4;1600;0;6400;4160.0
523;20220210;36;6;2;7;3;6120.0;0.1;18360.0;13260.0
524;20231208;46;3;5;16;5;12900;0;64500;41925.0
525;20221201;28;1;2;6;1;25900;0;25900;16835.0
526;20240530;42;8;1;3;1;1890;0;1890;1228.5
527;20220328;16;12;2;6;2;750;0;1500;975.0
528;20240125;36;12;2;7;2;750;0;1500;975.0
529;20220526;29;12;1;4;4;675.0;0.1;2700.0;1950.0
530;20230920;32;3;3;10;2;10965.0;0.15;21930.0;16770.0
531;20240530;18;12;3;10;5;637.5;0.15;3187.5;2437.5
532;20230317;48;10;2;7;2;845.5;0.05;1691.0;1157.0
533;20240402;9;12;2;7;1;637.5;0.15;637.5;487.5
534;20240528;3;3;5;15;5;12900;0;64500;41925.0
535;20230421;5;15;5;15;4;1200;0;4800;3120.0
536;20220509;16;6;2;7;2;5780.0;0.15;11560.0;8840.0
537;20240920;12;5;4;12;2;15200;0;30400;19760.0
538;20220104;26;13;3;9;1;2380.0;0.15;2380.0;1820.0
539;20230817;35;12;4;13;4;750;0;3000;1950.0
540;20231120;25;9;4;12;4;2200;0;8800;5720.0
541;20220131;28;2;2;7;1;18500;0;18500;12025.0
542;20230623;11;2;3;9;3;18500;0;55500;36075.0
543;20240502;42;15;1;4;1;1200;0;1200;780.0
544;20230915;31;11;1;3;2;1305.0;0.1;2610.0;1885.0
545;20230811;4;6;1;4;2;6800;0;13600;8840.0
546;20230719;26;4;3;10;1;7990;0;7990;5193.5
547;20220506;2;6;2;7;1;6460.0;0.05;6460.0;4420.0
548;20221025;41;4;5;15;1;7990;0;7990;5193.5
549;20230726;11;8;3;10;1;1890;0;1890;1228.5
550;20220923;25;2;4;13;5;17575.0;0.05;87875.0;60125.0
551;20230113;25;3;4;13;4;12900;0;51600;33540.0
552;20220331;25;4;4;12;3;7191.0;0.1;21573.0;15580.5
553;20230817;4;11;1;3;3;1305.0;0.1;3915.0;2827.5
554;20230824;3;14;5;16;4;1440.0;0.1;5760.0;4160.0
555;20230721;13;8;5;15;3;1890;0;5670;3685.5
556;20240829;46;15;5;15;5;1080.0;0.1;5400.0;3900.0
557;20221005;33;3;1;3;2;12900;0;25800;16770.0
558;20240619;31;2;1;3;4;18500;0;74000;48100.0
559;20230712;21;6;5;16;1;6800;0;6800;4420.0
560;20231020;24;14;5;15;3;1440.0;0.1;4320.0;3120.0
561;20230818;46;9;5;15;4;2200;0;8800;5720.0
562;20220602;36;10;2;6;5;890;0;4450;2892.5
563;20230116;38;15;3;10;3;1140.0;0.05;3420.0;2340.0
564;20220906;43;10;4;13;4;890;0;3560;2314.0
565;20240923;17;10;4;13;5;756.5;0.15;3782.5;2892.5
566;20221208;31;15;1;3;3;1020.0;0.15;3060.0;2340.0
567;20230501;25;15;4;13;3;1200;0;3600;2340.0
568;20240910;26;14;3;9;4;1360.0;0.15;5440.0;4160.0
569;20230123;9;5;2;7;4;15200;0;60800;39520.0
570;20221101;50;2;5;16;2;17575.0;0.05;35150.0;24050.0
571;20240110;43;14;4;12;3;1600;0;4800;3120.0
572;20220714;22;12;1;3;5;712.5;0.05;3562.5;2437.5
573;20221226;14;15;2;6;2;1200;0;2400;1560.0
574;20221013;12;15;4;13;3;1020.0;0.15;3060.0;2340.0
575;20220628;37;9;3;9;4;1870.0;0.15;7480.0;5720.0
576;20220913;16;8;2;7;5;1795.5;0.05;8977.5;6142.5
577;20230106;44;6;5;15;3;6800;0;20400;13260.0
578;20240401;7;7;3;9;1;4500;0;4500;2925.0
579;20240724;48;4;2;7;2;7990;0;15980;10387.0
580;20220711;3;14;5;15;1;1520.0;0.05;1520.0;1040.0
581;20230315;3;4;5;16;3;7191.0;0.1;21573.0;15580.5
582;20221229;35;14;4;12;3;1520.0;0.05;4560.0;3120.0
583;20230725;25;11;4;12;5;1305.0;0.1;6525.0;4712.5
584;20240717;42;11;1;4;3;1305.0;0.1;3915.0;2827.5
585;20230428;40;2;3;10;4;18500;0;74000;48100.0
586;20220804;26;5;3;9;3;15200;0;45600;29640.0
587;20220721;47;7;1;3;3;3825.0;0.15;11475.0;8775.0
588;20230712;25;5;4;12;4;14440.0;0.05;57760.0;39520.0
589;20241107;46;14;5;15;2;1600;0;3200;2080.0
590;20230531;50;13;5;16;4;2380.0;0.15;9520.0;7280.0
591;20230227;48;15;2;6;5;1200;0;6000;3900.0
592;20240313;17;12;4;12;3;637.5;0.15;1912.5;1462.5
593;20221117;40;2;3;10;2;18500;0;37000;24050.0
594;20230228;25;6;4;13;3;6120.0;0.1;18360.0;13260.0
595;20240610;33;1;1;3;5;23310.0;0.1;116550.0;84175.0
596;20230703;17;9;4;13;1;1870.0;0.15;1870.0;1430.0
597;20221017;12;14;4;13;2;1600;0;3200;2080.0
598;20230330;43;15;4;12;4;1200;0;4800;3120.0
599;20240628;33;6;1;3;2;6800;0;13600;8840.0
600;20240408;33;5;1;3;2;15200;0;30400;19760.0
601;20240627;12;3;4;13;5;12255.0;0.05;61275.0;41925.0
602;20220224;35;8;4;12;4;1890;0;7560;4914.0
603;20221003;7;15;3;9;3;1080.0;0.1;3240.0;2340.0
604;20240923;49;12;1;4;2;750;0;1500;975.0
605;20240424;18;2;3;10;4;16650.0;0.1;66600.0;48100.0
606;20230222;8;14;2;7;1;1600;0;1600;1040.0
607;20240912;46;9;5;15;3;2090.0;0.05;6270.0;4290.0
608;20230803;37;6;3;9;2;6800;0;13600;8840.0
609;20241119;14;12;2;6;2;750;0;1500;975.0
610;20241017;44;3;5;15;1;12900;0;12900;8385.0
611;20220311;25;13;4;12;5;2520.0;0.1;12600.0;9100.0
612;20240917;49;14;1;3;1;1600;0;1600;1040.0
613;20221229;35;7;4;13;1;4050.0;0.1;4050.0;2925.0
614;20230828;14;12;2;6;1;750;0;750;487.5
615;20220718;21;10;5;16;5;756.5;0.15;3782.5;2892.5
616;20230210;42;12;1;3;5;750;0;3750;2437.5
617;20230113;33;4;1;3;5;7990;0;39950;25967.5
618;20220228;45;7;3;10;3;4500;0;13500;8775.0
619;20220120;28;6;2;6;2;6800;0;13600;8840.0
620;20220511;47;11;1;3;4;1450;0;5800;3770.0
621;20230302;22;11;1;4;2;1377.5;0.05;2755.0;1885.0
622;20230222;12;2;4;13;2;18500;0;37000;24050.0
623;20241224;34;12;3;9;1;750;0;750;487.5
624;20230530;10;11;1;4;2;1450;0;2900;1885.0
625;20230508;21;15;5;15;1;1200;0;1200;780.0
626;20230707;31;7;1;4;4;4500;0;18000;11700.0
627;20241107;17;2;4;12;2;15725.0;0.15;31450.0;24050.0
628;20240327;8;7;2;7;5;4275.0;0.05;21375.0;14625.0
629;20220211;36;7;2;6;3;4050.0;0.1;12150.0;8775.0
630;20220309;35;2;4;12;4;17575.0;0.05;70300.0;48100.0
631;20240830;40;6;3;9;1;5780.0;0.15;5780.0;4420.0
632;20230914;38;9;3;9;5;2200;0;11000;7150.0
633;20240312;25;11;4;12;4;1450;0;5800;3770.0
634;20231106;49;15;1;4;2;1080.0;0.1;2160.0;1560.0
635;20221213;8;13;2;7;4;2800;0;11200;7280.0
636;20240711;7;9;3;10;2;1980.0;0.1;3960.0;2860.0
637;20240402;17;2;4;13;4;17575.0;0.05;70300.0;48100.0
638;20231215;33;8;1;3;3;1890;0;5670;3685.5
639;20240228;31;7;1;3;1;4050.0;0.1;4050.0;2925.0
640;20240318;47;10;1;3;3;801.0;0.1;2403.0;1735.5
641;20231016;25;6;4;13;1;6800;0;6800;4420.0
642;20240731;46;10;5;16;4;756.5;0.15;3026.0;2314.0
643;20230505;12;2;4;13;2;18500;0;37000;24050.0
644;20220602;38;9;3;9;3;1870.0;0.15;5610.0;4290.0
645;20230102;28;3;2;6;4;12900;0;51600;33540.0
646;20231019;8;15;2;6;4;1200;0;4800;3120.0
647;20240627;11;13;3;9;4;2800;0;11200;7280.0
648;20220713;35;11;4;13;5;1305.0;0.1;6525.0;4712.5
649;20230914;42;12;1;4;1;675.0;0.1;675.0;487.5
650;20241114;6;12;5;15;5;750;0;3750;2437.5
651;20230407;31;11;1;4;5;1305.0;0.1;6525.0;4712.5
652;20230726;43;15;4;13;2;1200;0;2400;1560.0
653;20230816;37;13;3;10;2;2800;0;5600;3640.0
654;20221109;24;12;5;15;5;637.5;0.15;3187.5;2437.5
655;20230511;36;12;2;6;3;637.5;0.15;1912.5;1462.5
656;20220616;30;9;2;7;3;1870.0;0.15;5610.0;4290.0
657;20241016;41;10;5;16;5;756.5;0.15;3782.5;2892.5
658;20240122;21;15;5;15;4;1200;0;4800;3120.0
659;20220323;31;3;1;3;1;10965.0;0.15;10965.0;8385.0
660;20220331;18;5;3;10;3;15200;0;45600;29640.0
661;20220527;30;1;2;6;3;24605.0;0.05;73815.0;50505.0
662;20230217;27;4;5;15;5;6791.5;0.15;33957.5;25967.5
663;20220321;35;7;4;12;3;4050.0;0.1;12150.0;8775.0
664;20240627;23;10;3;10;4;890;0;3560;2314.0
665;20241106;44;12;5;15;5;750;0;3750;2437.5
666;20220907;37;3;3;9;1;12900;0;12900;8385.0
667;20230116;12;7;4;12;3;4050.0;0.1;12150.0;8775.0
668;20230420;36;14;2;7;3;1600;0;4800;3120.0
669;20220316;2;3;2;7;3;11610.0;0.1;34830.0;25155.0
670;20241011;43;9;4;13;3;2200;0;6600;4290.0
671;20231227;13;3;5;15;5;12900;0;64500;41925.0
672;20230517;43;9;4;12;4;2200;0;8800;5720.0
673;20230227;48;6;2;6;3;6800;0;20400;13260.0
674;20220114;44;8;5;15;5;1606.5;0.15;8032.5;6142.5
675;20221216;37;4;3;9;5;7191.0;0.1;35955.0;25967.5
676;20230104;34;15;3;10;1;1140.0;0.05;1140.0;780.0
677;20240101;42;14;1;4;3;1440.0;0.1;4320.0;3120.0
678;20240109;12;5;4;12;2;15200;0;30400;19760.0
679;20220112;10;13;1;3;5;2520.0;0.1;12600.0;9100.0
680;20230901;48;11;2;6;2;1232.5;0.15;2465.0;1885.0
681;20220414;30;14;2;6;4;1360.0;0.15;5440.0;4160.0
682;20220506;33;12;1;3;3;750;0;2250;1462.5
683;20220413;10;13;1;3;3;2520.0;0.1;7560.0;5460.0
684;20230804;34;7;3;10;4;3825.0;0.15;15300.0;11700.0
685;20220111;7;7;3;9;1;4050.0;0.1;4050.0;2925.0
686;20231222;3;12;5;15;1;750;0;750;487.5
687;20230209;40;5;3;10;5;15200;0;76000;49400.0
688;20220815;35;14;4;12;1;1520.0;0.05;1520.0;1040.0
689;20240628;20;13;2;6;5;2800;0;14000;9100.0
690;20240305;40;15;3;9;3;1200;0;3600;2340.0
691;20230720;1;1;1;3;5;23310.0;0.1;116550.0;84175.0
692;20230816;23;12;3;9;3;750;0;2250;1462.5
693;20221006;9;4;2;6;5;7990;0;39950;25967.5
694;20241213;48;13;2;7;5;2800;0;14000;9100.0
695;20220523;5;5;5;15;1;15200;0;15200;9880.0
696;20240821;41;6;5;15;3;6800;0;20400;13260.0
697;20230403;22;10;1;4;1;890;0;890;578.5
698;20240418;25;10;4;12;3;756.5;0.15;2269.5;1735.5
699;20220831;46;6;5;15;3;6460.0;0.05;19380.0;13260.0
700;20241127;23;13;3;10;2;2380.0;0.15;4760.0;3640.0
701;20231026;32;3;3;10;3;12255.0;0.05;36765.0;25155.0
702;20220909;26;8;3;9;5;1890;0;9450;6142.5
703;20230113;18;15;3;9;5;1200;0;6000;3900.0
704;20220215;1;14;1;4;5;1360.0;0.15;6800.0;5200.0
705;20230110;13;15;5;16;1;1080.0;0.1;1080.0;780.0
706;20241118;16;7;2;7;2;4050.0;0.1;8100.0;5850.0
707;20230725;28;9;2;7;5;2200;0;11000;7150.0
708;20240909;3;11;5;15;2;1305.0;0.1;2610.0;1885.0
709;20240322;6;8;5;15;2;1890;0;3780;2457.0
710;20221130;25;1;4;12;2;24605.0;0.05;49210.0;33670.0
711;20221025;32;4;3;10;1;6791.5;0.15;6791.5;5193.5
712;20220228;35;15;4;13;4;1200;0;4800;3120.0
713;20230113;42;11;1;3;3;1232.5;0.15;3697.5;2827.5
714;20220422;35;6;4;13;5;5780.0;0.15;28900.0;22100.0
715;20230511;17;9;4;13;4;2200;0;8800;5720.0
716;20230925;43;1;4;12;5;25900;0;129500;84175.0
717;20220804;8;9;2;6;3;2200;0;6600;4290.0
718;20221128;16;10;2;7;1;756.5;0.15;756.5;578.5
719;20231120;45;2;3;10;4;15725.0;0.15;62900.0;48100.0
720;20221216;36;3;2;6;4;12900;0;51600;33540.0
721;20240621;36;10;2;6;2;890;0;1780;1157.0
722;20220916;6;1;5;16;2;25900;0;51800;33670.0
723;20241111;46;11;5;16;1;1232.5;0.15;1232.5;942.5
724;20231123;19;8;1;3;5;1795.5;0.05;8977.5;6142.5
725;20220920;20;10;2;7;2;801.0;0.1;1602.0;1157.0
726;20240426;48;6;2;6;4;6120.0;0.1;24480.0;17680.0
727;20220125;20;7;2;6;2;4500;0;9000;5850.0
728;20240520;44;11;5;15;4;1450;0;5800;3770.0
729;20220225;28;15;2;6;5;1080.0;0.1;5400.0;3900.0
730;20240214;33;11;1;3;2;1305.0;0.1;2610.0;1885.0
731;20240927;43;7;4;13;3;4500;0;13500;8775.0
732;20240425;28;13;2;6;4;2800;0;11200;7280.0
733;20220502;17;5;4;13;4;15200;0;60800;39520.0
734;20220110;44;7;5;15;3;4500;0;13500;8775.0
735;20230623;44;2;5;15;5;18500;0;92500;60125.0
736;20230905;34;6;3;10;1;6800;0;6800;4420.0
737;20240528;38;7;3;10;5;4500;0;22500;14625.0
738;20231124;17;7;4;12;5;4050.0;0.1;20250.0;14625.0
739;20230317;38;9;3;10;4;2200;0;8800;5720.0
740;20221128;17;14;4;13;1;1360.0;0.15;1360.0;1040.0
741;20230502;8;4;2;6;5;7590.5;0.05;37952.5;25967.5
742;20220728;20;11;2;7;1;1450;0;1450;942.5
743;20221116;27;2;5;16;1;18500;0;18500;12025.0
744;20240530;47;1;1;4;4;24605.0;0.05;98420.0;67340.0
745;20231212;3;13;5;16;2;2380.0;0.15;4760.0;3640.0
746;20221007;19;14;1;3;5;1600;0;8000;5200.0
747;20220901;44;9;5;15;2;1980.0;0.1;3960.0;2860.0
748;20220505;23;11;3;10;1;1450;0;1450;942.5
749;20240422;25;11;4;12;4;1377.5;0.05;5510.0;3770.0
750;20240228;3;12;5;16;1;750;0;750;487.5
751;20221122;46;6;5;15;3;6800;0;20400;13260.0
752;20220909;35;10;4;13;1;890;0;890;578.5
753;20230228;5;9;5;16;1;1980.0;0.1;1980.0;1430.0
754;20221227;42;5;1;4;5;13680.0;0.1;68400.0;49400.0
755;20231020;43;8;4;13;2;1890;0;3780;2457.0
756;20220408;3;8;5;16;1;1890;0;1890;1228.5
757;20230816;48;12;2;7;2;750;0;1500;975.0
758;20230217;44;1;5;15;3;25900;0;77700;50505.0
759;20231115;25;2;4;13;5;18500;0;92500;60125.0
760;20220921;23;15;3;9;5;1200;0;6000;3900.0
761;20221025;17;4;4;12;2;7990;0;15980;10387.0
762;20220812;14;14;2;6;5;1600;0;8000;5200.0
763;20220111;4;11;1;3;4;1305.0;0.1;5220.0;3770.0
764;20240404;25;10;4;13;3;845.5;0.05;2536.5;1735.5
765;20230726;17;13;4;12;5;2800;0;14000;9100.0
766;20231117;6;1;5;15;5;24605.0;0.05;123025.0;84175.0
767;20220623;24;7;5;16;2;4275.0;0.05;8550.0;5850.0
768;20221031;45;1;3;10;1;22015.0;0.15;22015.0;16835.0
769;20230109;5;6;5;15;3;6120.0;0.1;18360.0;13260.0
770;20240529;21;4;5;16;3;7590.5;0.05;22771.5;15580.5
771;20230825;18;8;3;10;4;1890;0;7560;4914.0
772;20240401;34;5;3;9;4;15200;0;60800;39520.0
773;20230124;50;4;5;15;1;6791.5;0.15;6791.5;5193.5
774;20220729;27;14;5;15;4;1600;0;6400;4160.0
775;20220713;12;3;4;13;4;12255.0;0.05;49020.0;33540.0
776;20220310;25;5;4;13;5;13680.0;0.1;68400.0;49400.0
777;20231115;10;1;1;3;2;25900;0;51800;33670.0
778;20240314;25;5;4;13;3;15200;0;45600;29640.0
779;20240902;7;7;3;9;1;4500;0;4500;2925.0
780;20230214;46;11;5;16;5;1450;0;7250;4712.5
781;20231004;40;9;3;9;4;1870.0;0.15;7480.0;5720.0
782;20220728;43;5;4;12;4;12920.0;0.15;51680.0;39520.0
783;20230804;34;11;3;9;5;1305.0;0.1;6525.0;4712.5
784;20230331;10;6;1;4;2;6800;0;13600;8840.0
785;20231002;39;11;3;10;4;1450;0;5800;3770.0
786;20220922;44;8;5;15;4;1890;0;7560;4914.0
787;20241002;14;11;2;6;3;1232.5;0.15;3697.5;2827.5
788;20220404;9;7;2;7;1;4500;0;4500;2925.0
789;20220502;3;1;5;15;4;23310.0;0.1;93240.0;67340.0
790;20230714;39;3;3;10;1;10965.0;0.15;10965.0;8385.0
791;20240618;14;12;2;6;3;712.5;0.05;2137.5;1462.5
792;20220221;30;14;2;7;2;1600;0;3200;2080.0
793;20240227;37;8;3;10;5;1890;0;9450;6142.5
794;20231018;30;3;2;7;5;11610.0;0.1;58050.0;41925.0
795;20230515;50;11;5;16;5;1450;0;7250;4712.5
796;20230320;13;13;5;16;1;2660.0;0.05;2660.0;1820.0
797;20220103;25;3;4;12;3;12900;0;38700;25155.0
798;20240913;26;8;3;10;5;1890;0;9450;6142.5
799;20240507;25;1;4;12;4;25900;0;103600;67340.0
800;20240315;42;6;1;4;2;6460.0;0.05;12920.0;8840.0
801;20221114;17;3;4;13;4;12255.0;0.05;49020.0;33540.0
802;20240529;31;11;1;4;2;1305.0;0.1;2610.0;1885.0
803;20230816;40;12;3;9;5;750;0;3750;2437.5
804;20240703;10;3;1;4;3;12900;0;38700;25155.0
805;20220928;41;5;5;16;5;14440.0;0.05;72200.0;49400.0
806;20220926;10;1;1;3;5;25900;0;129500;84175.0
807;20220113;26;3;3;9;4;10965.0;0.15;43860.0;33540.0
808;20230508;10;1;1;4;4;25900;0;103600;67340.0
809;20220216;37;6;3;10;4;5780.0;0.15;23120.0;17680.0
810;20220414;10;1;1;4;3;24605.0;0.05;73815.0;50505.0
811;20220119;14;15;2;6;3;1140.0;0.05;3420.0;2340.0
812;20241125;20;13;2;6;4;2800;0;11200;7280.0
813;20240813;28;12;2;6;1;675.0;0.1;675.0;487.5
814;20220817;35;11;4;12;3;1450;0;4350;2827.5
815;20240704;44;2;5;16;3;17575.0;0.05;52725.0;36075.0
816;20221110;16;15;2;6;1;1020.0;0.15;1020.0;780.0
817;20220830;48;7;2;7;3;4500;0;13500;8775.0
818;20220303;5;7;5;16;2;4500;0;9000;5850.0
819;20220816;6;6;5;16;1;6800;0;6800;4420.0
820;20220329;49;10;1;3;3;756.5;0.15;2269.5;1735.5
821;20220630;40;3;3;10;5;12900;0;64500;41925.0
822;20241118;16;9;2;6;3;2090.0;0.05;6270.0;4290.0
823;20220228;31;6;1;4;2;6800;0;13600;8840.0
824;20231205;43;5;4;12;5;12920.0;0.15;64600.0;49400.0
825;20241115;6;9;5;16;3;2200;0;6600;4290.0
826;20220411;39;15;3;9;5;1200;0;6000;3900.0
827;20230612;25;14;4;13;3;1440.0;0.1;4320.0;3120.0
828;20220923;49;9;1;3;4;1870.0;0.15;7480.0;5720.0
829;20230406;24;13;5;15;5;2800;0;14000;9100.0
830;20231215;27;4;5;15;5;6791.5;0.15;33957.5;25967.5
831;20230407;21;6;5;15;4;5780.0;0.15;23120.0;17680.0
832;20220706;42;11;1;3;1;1450;0;1450;942.5
833;20220524;19;2;1;3;4;18500;0;74000;48100.0
834;20231205;50;14;5;16;4;1360.0;0.15;5440.0;4160.0
835;20220413;29;4;1;3;5;6791.5;0.15;33957.5;25967.5
836;20240705;48;8;2;6;1;1795.5;0.05;1795.5;1228.5
837;20241014;38;12;3;9;4;750;0;3000;1950.0
838;20220413;21;9;5;16;1;1870.0;0.15;1870.0;1430.0
839;20241106;19;9;1;3;1;2200;0;2200;1430.0
840;20240731;27;4;5;15;2;7191.0;0.1;14382.0;10387.0
841;20240312;50;3;5;16;5;10965.0;0.15;54825.0;41925.0
842;20231020;49;10;1;4;3;756.5;0.15;2269.5;1735.5
843;20230801;10;13;1;4;2;2520.0;0.1;5040.0;3640.0
844;20230329;30;10;2;7;4;890;0;3560;2314.0
845;20230411;34;13;3;9;4;2380.0;0.15;9520.0;7280.0
846;20241204;44;4;5;16;4;7191.0;0.1;28764.0;20774.0
847;20241107;37;8;3;9;4;1890;0;7560;4914.0
848;20230310;39;1;3;9;5;25900;0;129500;84175.0
849;20240917;23;4;3;10;3;7990;0;23970;15580.5
850;20220811;44;9;5;15;5;1980.0;0.1;9900.0;7150.0
851;20230117;33;6;1;4;2;6800;0;13600;8840.0
852;20220513;13;4;5;16;3;7990;0;23970;15580.5
853;20230412;13;12;5;16;1;637.5;0.15;637.5;487.5
854;20240503;28;14;2;7;5;1600;0;8000;5200.0
855;20230426;47;7;1;4;1;4500;0;4500;2925.0
856;20241209;35;15;4;12;1;1200;0;1200;780.0
857;20230404;12;5;4;12;5;15200;0;76000;49400.0
858;20220315;38;12;3;10;2;750;0;1500;975.0
859;20221116;43;10;4;13;5;890;0;4450;2892.5
860;20220429;34;3;3;10;2;12900;0;25800;16770.0
861;20220504;3;9;5;16;4;2200;0;8800;5720.0
862;20231122;27;13;5;15;2;2800;0;5600;3640.0
863;20240315;35;11;4;12;5;1450;0;7250;4712.5
864;20240910;8;5;2;6;4;15200;0;60800;39520.0
865;20230516;49;7;1;3;4;4500;0;18000;11700.0
866;20220901;32;10;3;10;1;890;0;890;578.5
867;20220307;41;10;5;15;2;845.5;0.05;1691.0;1157.0
868;20220504;48;6;2;6;2;5780.0;0.15;11560.0;8840.0
869;20220121;19;10;1;4;2;890;0;1780;1157.0
870;20230421;22;8;1;3;4;1890;0;7560;4914.0
871;20241212;13;4;5;16;5;7191.0;0.1;35955.0;25967.5
872;20240930;41;10;5;15;2;756.5;0.15;1513.0;1157.0
873;20230103;43;15;4;12;5;1200;0;6000;3900.0
874;20220318;22;4;1;4;5;7990;0;39950;25967.5
875;20240805;4;7;1;4;3;3825.0;0.15;11475.0;8775.0
876;20230630;1;5;1;3;4;15200;0;60800;39520.0
877;20220509;37;14;3;9;5;1440.0;0.1;7200.0;5200.0
878;20220202;30;8;2;6;5;1606.5;0.15;8032.5;6142.5
879;20230719;30;5;2;6;3;14440.0;0.05;43320.0;29640.0
880;20240617;29;11;1;4;3;1450;0;4350;2827.5
881;20230105;30;5;2;7;1;12920.0;0.15;12920.0;9880.0
882;20230505;42;5;1;4;2;15200;0;30400;19760.0
883;20240830;8;12;2;6;4;675.0;0.1;2700.0;1950.0
884;20230324;17;10;4;13;2;845.5;0.05;1691.0;1157.0
885;20220719;43;3;4;12;2;10965.0;0.15;21930.0;16770.0
886;20230911;15;12;2;6;5;750;0;3750;2437.5
887;20240205;6;6;5;15;1;6120.0;0.1;6120.0;4420.0
888;20220214;16;14;2;7;2;1360.0;0.15;2720.0;2080.0
889;20240703;35;5;4;13;4;12920.0;0.15;51680.0;39520.0
890;20220208;14;2;2;7;2;18500;0;37000;24050.0
891;20221130;46;10;5;15;2;801.0;0.1;1602.0;1157.0
892;20231222;29;2;1;4;4;18500;0;74000;48100.0
893;20231113;18;14;3;9;4;1520.0;0.05;6080.0;4160.0
894;20220124;14;4;2;7;1;7590.5;0.05;7590.5;5193.5
895;20220406;17;12;4;12;2;750;0;1500;975.0
896;20221221;43;8;4;13;3;1795.5;0.05;5386.5;3685.5
897;20230327;12;10;4;13;4;756.5;0.15;3026.0;2314.0
898;20240709;46;10;5;15;5;801.0;0.1;4005.0;2892.5
899;20221220;5;8;5;16;4;1890;0;7560;4914.0
900;20220314;42;7;1;3;5;3825.0;0.15;19125.0;14625.0
901;20231025;37;7;3;9;3;4500;0;13500;8775.0
902;20240112;25;10;4;12;1;756.5;0.15;756.5;578.5
903;20220916;35;2;4;12;5;18500;0;92500;60125.0
904;20220915;35;6;4;13;4;6800;0;27200;17680.0
905;20221227;13;15;5;16;4;1200;0;4800;3120.0
906;20231009;8;2;2;7;1;15725.0;0.15;15725.0;12025.0
907;20240104;42;12;1;3;4;637.5;0.15;2550.0;1950.0
908;20230427;43;7;4;12;1;4500;0;4500;2925.0
909;20230320;9;3;2;7;1;12255.0;0.05;12255.0;8385.0
910;20220708;25;11;4;12;2;1450;0;2900;1885.0
911;20231020;47;13;1;4;3;2800;0;8400;5460.0
912;20231211;43;13;4;12;1;2520.0;0.1;2520.0;1820.0
913;20230811;36;11;2;7;4;1377.5;0.05;5510.0;3770.0
914;20240226;47;10;1;4;1;890;0;890;578.5
915;20220923;50;9;5;15;2;2200;0;4400;2860.0
916;20220217;49;6;1;4;1;6800;0;6800;4420.0
917;20220914;11;1;3;9;1;24605.0;0.05;24605.0;16835.0
918;20240318;39;11;3;9;5;1305.0;0.1;6525.0;4712.5
919;20230307;43;6;4;13;1;6800;0;6800;4420.0
920;20240229;34;14;3;9;1;1520.0;0.05;1520.0;1040.0
921;20230131;37;3;3;10;1;10965.0;0.15;10965.0;8385.0
922;20221028;27;9;5;15;2;1870.0;0.15;3740.0;2860.0
923;20231127;47;12;1;4;5;750;0;3750;2437.5
924;20240125;43;14;4;13;3;1600;0;4800;3120.0
925;20241112;36;10;2;7;4;801.0;0.1;3204.0;2314.0
926;20241014;17;15;4;13;5;1200;0;6000;3900.0
927;20240617;2;2;2;6;1;17575.0;0.05;17575.0;12025.0
928;20230425;36;7;2;7;4;4500;0;18000;11700.0
929;20221018;50;4;5;16;1;6791.5;0.15;6791.5;5193.5
930;20240229;11;5;3;10;3;13680.0;0.1;41040.0;29640.0
931;20230724;4;11;1;3;3;1450;0;4350;2827.5
932;20231120;14;6;2;7;3;5780.0;0.15;17340.0;13260.0
933;20240619;49;3;1;4;4;12900;0;51600;33540.0
934;20220323;24;8;5;16;4;1606.5;0.15;6426.0;4914.0
935;20220128;50;6;5;15;5;6120.0;0.1;30600.0;22100.0
936;20220803;50;6;5;16;3;6800;0;20400;13260.0
937;20240329;29;7;1;4;5;4500;0;22500;14625.0
938;20230329;36;2;2;6;3;15725.0;0.15;47175.0;36075.0
939;20230619;34;2;3;10;4;18500;0;74000;48100.0
940;20220610;23;9;3;10;3;2200;0;6600;4290.0
941;20231228;19;15;1;3;1;1140.0;0.05;1140.0;780.0
942;20231127;43;3;4;13;2;12900;0;25800;16770.0
943;20240828;18;13;3;9;1;2520.0;0.1;2520.0;1820.0
944;20240119;2;8;2;6;4;1606.5;0.15;6426.0;4914.0
945;20240502;22;15;1;3;1;1020.0;0.15;1020.0;780.0
946;20240118;37;15;3;10;1;1200;0;1200;780.0
947;20221028;47;13;1;4;3;2380.0;0.15;7140.0;5460.0
948;20230404;14;5;2;7;3;13680.0;0.1;41040.0;29640.0
949;20220615;22;3;1;3;2;12900;0;25800;16770.0
950;20240219;44;9;5;16;1;2200;0;2200;1430.0
951;20230213;24;5;5;15;2;12920.0;0.15;25840.0;19760.0
952;20240215;8;5;2;7;5;15200;0;76000;49400.0
953;20220315;10;1;1;3;4;22015.0;0.15;88060.0;67340.0
954;20220915;12;2;4;13;4;17575.0;0.05;70300.0;48100.0
955;20241021;24;5;5;15;3;15200;0;45600;29640.0
956;20231103;43;3;4;12;1;10965.0;0.15;10965.0;8385.0
957;20221130;25;11;4;12;4;1377.5;0.05;5510.0;3770.0
958;20220921;36;5;2;7;3;14440.0;0.05;43320.0;29640.0
959;20231114;37;8;3;9;1;1890;0;1890;1228.5
960;20230516;37;8;3;9;2;1890;0;3780;2457.0
961;20240308;5;7;5;15;1;4500;0;4500;2925.0
962;20230817;38;8;3;9;4;1701.0;0.1;6804.0;4914.0
963;20230706;13;9;5;15;2;2090.0;0.05;4180.0;2860.0
964;20230918;23;14;3;10;5;1520.0;0.05;7600.0;5200.0
965;20241017;13;3;5;16;1;10965.0;0.15;10965.0;8385.0
966;20240307;47;10;1;3;4;890;0;3560;2314.0
967;20240508;17;5;4;12;4;15200;0;60800;39520.0
968;20240806;27;6;5;15;4;5780.0;0.15;23120.0;17680.0
969;20241219;19;14;1;3;2;1440.0;0.1;2880.0;2080.0
970;20230223;48;3;2;7;4;11610.0;0.1;46440.0;33540.0
971;20240904;46;8;5;16;2;1890;0;3780;2457.0
972;20241028;39;13;3;10;3;2660.0;0.05;7980.0;5460.0
973;20230803;47;1;1;3;5;23310.0;0.1;116550.0;84175.0
974;20220103;7;6;3;10;5;6800;0;34000;22100.0
975;20230913;22;14;1;4;1;1600;0;1600;1040.0
976;20230918;45;7;3;9;4;4275.0;0.05;17100.0;11700.0
977;20230706;28;3;2;7;2;11610.0;0.1;23220.0;16770.0
978;20220118;17;5;4;12;2;15200;0;30400;19760.0
979;20230920;10;12;1;3;4;637.5;0.15;2550.0;1950.0
980;20240925;10;11;1;4;4;1377.5;0.05;5510.0;3770.0
981;20240304;6;8;5;16;5;1795.5;0.05;8977.5;6142.5
982;20240517;25;4;4;12;2;7590.5;0.05;15181.0;10387.0
983;20231221;41;14;5;16;2;1360.0;0.15;2720.0;2080.0
984;20220224;43;10;4;13;3;890;0;2670;1735.5
985;20220426;11;10;3;9;4;756.5;0.15;3026.0;2314.0
986;20240122;21;8;5;15;5;1890;0;9450;6142.5
987;20240627;28;11;2;7;1;1232.5;0.15;1232.5;942.5
988;20220118;3;15;5;16;3;1080.0;0.1;3240.0;2340.0
989;20241119;43;15;4;13;4;1080.0;0.1;4320.0;3120.0
990;20220830;25;13;4;12;3;2800;0;8400;5460.0
991;20220330;21;12;5;16;5;750;0;3750;2437.5
992;20230223;6;10;5;15;1;756.5;0.15;756.5;578.5
993;20220421;37;2;3;10;2;16650.0;0.1;33300.0;24050.0
994;20230105;18;10;3;9;3;890;0;2670;1735.5
995;20220805;47;3;1;4;5;10965.0;0.15;54825.0;41925.0
996;20220919;18;5;3;9;2;14440.0;0.05;28880.0;19760.0
997;20231213;11;3;3;10;5;12900;0;64500;41925.0
998;20240703;17;11;4;12;4;1232.5;0.15;4930.0;3770.0
999;20240710;36;12;2;7;3;750;0;2250;1462.5
1000;20231115;1;3;1;4;4;12255.0;0.05;49020.0;33540.0
1001;20241009;43;4;4;13;4;6791.5;0.15;27166.0;20774.0
1002;20220119;25;3;4;13;5;12255.0;0.05;61275.0;41925.0
1003;20240906;35;11;4;12;3;1305.0;0.1;3915.0;2827.5
1004;20240527;42;11;1;4;3;1377.5;0.05;4132.5;2827.5
1005;20240729;26;5;3;10;1;15200;0;15200;9880.0
1006;20240117;17;12;4;13;5;750;0;3750;2437.5
1007;20220113;16;9;2;6;1;1870.0;0.15;1870.0;1430.0
1008;20240910;31;2;1;4;5;18500;0;92500;60125.0
1009;20221005;23;12;3;9;3;750;0;2250;1462.5
1010;20240731;47;2;1;3;1;16650.0;0.1;16650.0;12025.0
1011;20240517;50;2;5;15;1;18500;0;18500;12025.0
1012;20240925;43;13;4;12;2;2800;0;5600;3640.0
1013;20231013;26;8;3;10;1;1606.5;0.15;1606.5;1228.5
1014;20230202;25;5;4;12;2;15200;0;30400;19760.0
1015;20230117;35;6;4;12;1;6800;0;6800;4420.0
1016;20230719;12;8;4;12;2;1701.0;0.1;3402.0;2457.0
1017;20221110;12;3;4;12;5;12255.0;0.05;61275.0;41925.0
1018;20220413;25;2;4;13;1;18500;0;18500;12025.0
1019;20240725;12;15;4;12;4;1200;0;4800;3120.0
1020;20241001;49;7;1;4;3;4500;0;13500;8775.0
1021;20231206;43;1;4;13;5;22015.0;0.15;110075.0;84175.0
1022;20221122;35;14;4;12;1;1440.0;0.1;1440.0;1040.0
1023;20230531;35;2;4;13;5;16650.0;0.1;83250.0;60125.0
1024;20240207;34;1;3;10;1;25900;0;25900;16835.0
1025;20221019;33;13;1;3;3;2380.0;0.15;7140.0;5460.0
1026;20240925;3;7;5;16;2;4500;0;9000;5850.0
1027;20220503;49;12;1;4;3;712.5;0.05;2137.5;1462.5
1028;20241030;9;1;2;6;2;25900;0;51800;33670.0
1029;20230320;35;2;4;13;5;15725.0;0.15;78625.0;60125.0
1030;20220323;41;1;5;16;1;25900;0;25900;16835.0
1031;20240815;31;2;1;4;2;15725.0;0.15;31450.0;24050.0
1032;20220414;6;12;5;15;5;750;0;3750;2437.5
1033;20240606;28;11;2;6;1;1377.5;0.05;1377.5;942.5
1034;20240626;48;3;2;6;1;12900;0;12900;8385.0
1035;20240429;11;8;3;9;5;1890;0;9450;6142.5
1036;20221114;4;8;1;3;5;1701.0;0.1;8505.0;6142.5
1037;20220623;20;6;2;6;4;6800;0;27200;17680.0
1038;20220907;23;13;3;10;1;2520.0;0.1;2520.0;1820.0
1039;20220831;4;5;1;4;2;14440.0;0.05;28880.0;19760.0
1040;20220301;6;8;5;15;2;1701.0;0.1;3402.0;2457.0
1041;20220125;49;10;1;4;4;890;0;3560;2314.0
1042;20241010;1;1;1;4;2;25900;0;51800;33670.0
1043;20220726;35;12;4;13;2;750;0;1500;975.0
1044;20240527;41;7;5;15;2;4500;0;9000;5850.0
1045;20220509;6;12;5;16;4;675.0;0.1;2700.0;1950.0
1046;20221004;34;1;3;9;5;25900;0;129500;84175.0
1047;20231229;5;10;5;15;3;801.0;0.1;2403.0;1735.5
1048;20220613;17;5;4;12;1;15200;0;15200;9880.0
1049;20220304;35;3;4;12;2;10965.0;0.15;21930.0;16770.0
1050;20230426;26;4;3;10;4;7990;0;31960;20774.0
1051;20220912;4;12;1;3;1;675.0;0.1;675.0;487.5
1052;20221205;33;9;1;4;1;2200;0;2200;1430.0
1053;20241209;46;6;5;16;4;6800;0;27200;17680.0
1054;20221207;8;6;2;7;2;6800;0;13600;8840.0
1055;20231108;20;15;2;7;2;1200;0;2400;1560.0
1056;20231016;31;3;1;3;2;11610.0;0.1;23220.0;16770.0
1057;20221006;25;3;4;13;4;10965.0;0.15;43860.0;33540.0
1058;20240919;23;6;3;9;2;6800;0;13600;8840.0
1059;20230824;18;2;3;9;4;17575.0;0.05;70300.0;48100.0
1060;20220815;23;15;3;9;3;1080.0;0.1;3240.0;2340.0
1061;20230815;44;14;5;16;2;1600;0;3200;2080.0
1062;20220121;36;8;2;7;4;1890;0;7560;4914.0
1063;20221116;14;6;2;6;4;6120.0;0.1;24480.0;17680.0
1064;20231107;3;7;5;15;1;4500;0;4500;2925.0
1065;20220523;43;7;4;13;4;3825.0;0.15;15300.0;11700.0
1066;20240920;17;2;4;13;5;18500;0;92500;60125.0
1067;20240718;9;6;2;6;3;6800;0;20400;13260.0
1068;20241007;33;11;1;4;3;1450;0;4350;2827.5
1069;20220719;46;1;5;16;4;24605.0;0.05;98420.0;67340.0
1070;20240627;16;11;2;6;4;1232.5;0.15;4930.0;3770.0
1071;20220217;31;15;1;4;3;1080.0;0.1;3240.0;2340.0
1072;20240405;25;12;4;12;5;675.0;0.1;3375.0;2437.5
1073;20220322;47;15;1;4;3;1020.0;0.15;3060.0;2340.0
1074;20240606;4;7;1;3;3;4275.0;0.05;12825.0;8775.0
1075;20220407;32;3;3;9;5;10965.0;0.15;54825.0;41925.0
1076;20240719;16;4;2;7;5;7990;0;39950;25967.5
1077;20230523;13;13;5;16;2;2800;0;5600;3640.0
1078;20220401;50;7;5;16;3;4500;0;13500;8775.0
1079;20220627;37;8;3;10;5;1701.0;0.1;8505.0;6142.5
1080;20231011;50;14;5;16;5;1600;0;8000;5200.0
1081;20220427;19;15;1;4;4;1200;0;4800;3120.0
1082;20230201;15;2;2;6;1;18500;0;18500;12025.0
1083;20240619;28;3;2;6;2;11610.0;0.1;23220.0;16770.0
1084;20231113;34;11;3;10;5;1450;0;7250;4712.5
1085;20220929;35;12;4;12;1;750;0;750;487.5
1086;20230427;19;14;1;4;5;1360.0;0.15;6800.0;5200.0
1087;20240501;24;11;5;16;3;1377.5;0.05;4132.5;2827.5
1088;20220905;25;10;4;13;2;890;0;1780;1157.0
1089;20220802;28;6;2;7;3;6800;0;20400;13260.0
1090;20241017;37;3;3;10;5;12900;0;64500;41925.0
1091;20221208;9;14;2;6;2;1600;0;3200;2080.0
1092;20230110;29;10;1;4;2;845.5;0.05;1691.0;1157.0
1093;20230331;14;9;2;7;1;1870.0;0.15;1870.0;1430.0
1094;20240206;16;8;2;7;5;1890;0;9450;6142.5
1095;20231020;1;7;1;4;4;4500;0;18000;11700.0
1096;20230421;2;12;2;7;5;675.0;0.1;3375.0;2437.5
1097;20220801;25;13;4;13;5;2380.0;0.15;11900.0;9100.0
1098;20220720;45;2;3;9;4;18500;0;74000;48100.0
1099;20231003;7;7;3;10;5;4500;0;22500;14625.0
1100;20221007;29;1;1;3;5;22015.0;0.15;110075.0;84175.0
1101;20231003;23;1;3;9;1;23310.0;0.1;23310.0;16835.0
1102;20240515;27;4;5;15;4;7990;0;31960;20774.0
1103;20230710;34;3;3;10;4;12900;0;51600;33540.0
1104;20231003;22;6;1;3;3;6800;0;20400;13260.0
1105;20230220;28;12;2;6;4;712.5;0.05;2850.0;1950.0
1106;20220505;35;3;4;12;5;11610.0;0.1;58050.0;41925.0
1107;20220406;15;8;2;7;5;1890;0;9450;6142.5
1108;20220909;1;7;1;4;3;4275.0;0.05;12825.0;8775.0
1109;20230221;6;4;5;16;2;7590.5;0.05;15181.0;10387.0
1110;20231211;22;14;1;4;5;1600;0;8000;5200.0
1111;20230112;2;13;2;7;1;2800;0;2800;1820.0
1112;20220915;12;11;4;13;3;1377.5;0.05;4132.5;2827.5
1113;20220407;2;2;2;7;3;17575.0;0.05;52725.0;36075.0
1114;20240620;41;10;5;16;4;890;0;3560;2314.0
1115;20230109;29;9;1;3;5;2200;0;11000;7150.0
1116;20240920;3;3;5;15;3;12255.0;0.05;36765.0;25155.0
1117;20230825;18;1;3;10;3;25900;0;77700;50505.0
1118;20220421;22;5;1;3;5;12920.0;0.15;64600.0;49400.0
1119;20230410;8;10;2;7;2;801.0;0.1;1602.0;1157.0
1120;20240207;26;11;3;10;3;1450;0;4350;2827.5
1121;20230620;2;3;2;7;5;12900;0;64500;41925.0
1122;20221110;25;15;4;12;2;1200;0;2400;1560.0
1123;20240530;13;14;5;15;2;1440.0;0.1;2880.0;2080.0
1124;20220708;35;15;4;12;1;1200;0;1200;780.0
1125;20230927;25;5;4;13;3;15200;0;45600;29640.0
1126;20220705;15;1;2;6;1;25900;0;25900;16835.0
1127;20220425;15;3;2;7;2;12900;0;25800;16770.0
1128;20220303;4;1;1;3;4;24605.0;0.05;98420.0;67340.0
1129;20220328;1;13;1;4;5;2520.0;0.1;12600.0;9100.0
1130;20240815;22;1;1;3;1;25900;0;25900;16835.0
1131;20240423;4;15;1;3;5;1200;0;6000;3900.0
1132;20220729;48;6;2;7;1;6800;0;6800;4420.0
1133;20241112;24;6;5;15;2;6120.0;0.1;12240.0;8840.0
1134;20241231;46;2;5;15;1;16650.0;0.1;16650.0;12025.0
1135;20220905;13;12;5;15;2;750;0;1500;975.0
1136;20231114;19;15;1;4;5;1020.0;0.15;5100.0;3900.0
1137;20230525;6;8;5;16;1;1890;0;1890;1228.5
1138;20220613;17;9;4;13;2;2090.0;0.05;4180.0;2860.0
1139;20231213;33;2;1;4;5;18500;0;92500;60125.0
1140;20230417;38;12;3;10;1;750;0;750;487.5
1141;20241121;31;5;1;4;4;13680.0;0.1;54720.0;39520.0
1142;20230907;17;9;4;12;4;2200;0;8800;5720.0
1143;20220120;33;11;1;4;3;1450;0;4350;2827.5
1144;20240828;31;8;1;3;5;1606.5;0.15;8032.5;6142.5
1145;20240426;10;7;1;3;4;3825.0;0.15;15300.0;11700.0
1146;20221017;8;6;2;7;2;6800;0;13600;8840.0
1147;20231219;19;14;1;4;4;1360.0;0.15;5440.0;4160.0
1148;20231115;46;5;5;16;4;15200;0;60800;39520.0
1149;20220606;43;5;4;12;2;14440.0;0.05;28880.0;19760.0
1150;20220713;37;8;3;9;2;1606.5;0.15;3213.0;2457.0
1151;20240830;1;14;1;3;1;1520.0;0.05;1520.0;1040.0
1152;20230313;20;10;2;6;3;890;0;2670;1735.5
1153;20231101;49;13;1;3;5;2660.0;0.05;13300.0;9100.0
1154;20230111;40;8;3;10;4;1701.0;0.1;6804.0;4914.0
1155;20220621;44;1;5;16;1;24605.0;0.05;24605.0;16835.0
1156;20231023;25;14;4;12;4;1520.0;0.05;6080.0;4160.0
1157;20220825;10;9;1;4;3;1870.0;0.15;5610.0;4290.0
1158;20220608;17;5;4;13;4;14440.0;0.05;57760.0;39520.0
1159;20231115;50;9;5;15;5;2090.0;0.05;10450.0;7150.0
1160;20240429;3;7;5;16;3;4275.0;0.05;12825.0;8775.0
1161;20220330;50;6;5;15;3;6800;0;20400;13260.0
1162;20241129;3;3;5;15;3;12900;0;38700;25155.0
1163;20230529;34;2;3;10;4;18500;0;74000;48100.0
1164;20221205;7;11;3;10;2;1450;0;2900;1885.0
1165;20220615;5;15;5;16;1;1200;0;1200;780.0
1166;20231024;2;9;2;7;3;2200;0;6600;4290.0
1167;20220131;44;15;5;16;4;1200;0;4800;3120.0
1168;20230714;3;6;5;16;4;6120.0;0.1;24480.0;17680.0
1169;20240918;5;13;5;15;4;2800;0;11200;7280.0
1170;20240531;37;9;3;10;3;2200;0;6600;4290.0
1171;20220420;34;4;3;9;4;6791.5;0.15;27166.0;20774.0
1172;20230801;26;1;3;9;3;23310.0;0.1;69930.0;50505.0
1173;20240430;5;12;5;16;5;750;0;3750;2437.5
1174;20230906;11;10;3;9;5;845.5;0.05;4227.5;2892.5
1175;20230308;11;11;3;10;3;1305.0;0.1;3915.0;2827.5
1176;20221228;24;4;5;16;4;7590.5;0.05;30362.0;20774.0
1177;20241007;6;15;5;15;1;1020.0;0.15;1020.0;780.0
1178;20240704;41;4;5;16;4;7990;0;31960;20774.0
1179;20230608;50;1;5;16;5;25900;0;129500;84175.0
1180;20230814;14;3;2;7;3;12255.0;0.05;36765.0;25155.0
1181;20230216;49;4;1;3;4;7990;0;31960;20774.0
1182;20221209;40;10;3;9;2;845.5;0.05;1691.0;1157.0
1183;20231030;14;1;2;7;2;25900;0;51800;33670.0
1184;20220818;27;7;5;16;1;4500;0;4500;2925.0
1185;20240229;2;5;2;6;3;12920.0;0.15;38760.0;29640.0
1186;20220502;33;13;1;4;1;2800;0;2800;1820.0
1187;20230607;21;14;5;15;1;1520.0;0.05;1520.0;1040.0
1188;20241120;17;4;4;12;1;7191.0;0.1;7191.0;5193.5
1189;20221228;50;14;5;16;5;1440.0;0.1;7200.0;5200.0
1190;20230419;19;10;1;4;1;890;0;890;578.5
1191;20220909;20;4;2;6;2;7990;0;15980;10387.0
1192;20220323;37;7;3;10;3;4050.0;0.1;12150.0;8775.0
1193;20240222;24;12;5;16;1;750;0;750;487.5
1194;20231114;17;5;4;13;2;15200;0;30400;19760.0
1195;20241127;7;11;3;9;5;1450;0;7250;4712.5
1196;20240705;15;9;2;7;4;2200;0;8800;5720.0
1197;20230712;42;14;1;3;2;1520.0;0.05;3040.0;2080.0
1198;20230303;25;5;4;12;1;15200;0;15200;9880.0
1199;20230808;28;11;2;6;3;1232.5;0.15;3697.5;2827.5
1200;20241122;11;14;3;10;4;1520.0;0.05;6080.0;4160.0
1201;20240930;45;7;3;10;1;4500;0;4500;2925.0
1202;20241112;5;6;5;16;4;6120.0;0.1;24480.0;17680.0
1203;20240709;12;13;4;12;1;2380.0;0.15;2380.0;1820.0
1204;20240620;17;1;4;13;4;25900;0;103600;67340.0
1205;20221226;39;2;3;9;1;18500;0;18500;12025.0
1206;20231117;50;7;5;15;3;4275.0;0.05;12825.0;8775.0
1207;20230209;18;11;3;9;5;1450;0;7250;4712.5
1208;20230627;31;6;1;3;2;6460.0;0.05;12920.0;8840.0
1209;20240528;1;15;1;3;5;1020.0;0.15;5100.0;3900.0
1210;20220831;33;4;1;3;3;6791.5;0.15;20374.5;15580.5
1211;20220803;43;7;4;12;5;4500;0;22500;14625.0
1212;20241028;18;10;3;10;1;890;0;890;578.5
1213;20221020;35;2;4;12;2;15725.0;0.15;31450.0;24050.0
1214;20220707;26;12;3;10;4;712.5;0.05;2850.0;1950.0
1215;20240829;36;4;2;6;3;6791.5;0.15;20374.5;15580.5
1216;20230222;17;7;4;13;2;4500;0;9000;5850.0
1217;20240416;36;8;2;7;2;1890;0;3780;2457.0
1218;20240920;1;8;1;4;2;1890;0;3780;2457.0
1219;20240507;20;12;2;7;4;637.5;0.15;2550.0;1950.0
1220;20230424;4;9;1;3;1;2200;0;2200;1430.0
1221;20241210;25;10;4;12;5;756.5;0.15;3782.5;2892.5
1222;20230310;22;9;1;4;5;2090.0;0.05;10450.0;7150.0
1223;20240412;18;15;3;9;5;1200;0;6000;3900.0
1224;20231103;18;9;3;9;4;2200;0;8800;5720.0
1225;20220725;29;12;1;4;5;712.5;0.05;3562.5;2437.5
1226;20230208;29;1;1;4;2;24605.0;0.05;49210.0;33670.0
1227;20241227;25;15;4;13;3;1080.0;0.1;3240.0;2340.0
1228;20241122;24;7;5;16;2;4500;0;9000;5850.0
1229;20220929;30;14;2;6;4;1600;0;6400;4160.0
1230;20230110;19;3;1;3;1;12255.0;0.05;12255.0;8385.0
1231;20230927;35;2;4;13;4;18500;0;74000;48100.0
1232;20241030;41;8;5;15;4;1890;0;7560;4914.0
1233;20220916;29;2;1;3;2;18500;0;37000;24050.0
1234;20240417;21;10;5;15;5;890;0;4450;2892.5
1235;20221221;46;3;5;16;4;12900;0;51600;33540.0
1236;20240903;29;1;1;3;3;22015.0;0.15;66045.0;50505.0
1237;20220810;25;10;4;12;1;890;0;890;578.5
1238;20240620;33;14;1;4;4;1520.0;0.05;6080.0;4160.0
1239;20240730;50;1;5;16;3;25900;0;77700;50505.0
1240;20221101;45;12;3;9;5;750;0;3750;2437.5
1241;20220413;32;13;3;10;1;2380.0;0.15;2380.0;1820.0
1242;20230727;31;5;1;3;2;15200;0;30400;19760.0
1243;20230214;19;3;1;3;4;12255.0;0.05;49020.0;33540.0
1244;20230322;22;8;1;3;4;1606.5;0.15;6426.0;4914.0
1245;20221014;40;2;3;10;3;16650.0;0.1;49950.0;36075.0
1246;20240510;35;8;4;13;3;1701.0;0.1;5103.0;3685.5
1247;20220926;31;13;1;4;3;2520.0;0.1;7560.0;5460.0
1248;20231027;12;1;4;12;5;25900;0;129500;84175.0
1249;20230222;28;9;2;7;5;2200;0;11000;7150.0
1250;20220803;12;15;4;12;4;1200;0;4800;3120.0
1251;20240327;23;9;3;9;4;2200;0;8800;5720.0
1252;20220606;5;15;5;16;1;1080.0;0.1;1080.0;780.0
1253;20230525;12;8;4;13;5;1890;0;9450;6142.5
1254;20220614;5;13;5;16;5;2800;0;14000;9100.0
1255;20220502;9;14;2;7;4;1600;0;6400;4160.0
1256;20231009;32;10;3;10;4;756.5;0.15;3026.0;2314.0
1257;20241206;18;4;3;10;2;7990;0;15980;10387.0
1258;20230721;31;9;1;3;1;2200;0;2200;1430.0
1259;20240919;10;11;1;4;4;1377.5;0.05;5510.0;3770.0
1260;20230602;41;5;5;16;5;13680.0;0.1;68400.0;49400.0
1261;20221003;11;3;3;9;2;12900;0;25800;16770.0
1262;20231122;19;14;1;3;1;1600;0;1600;1040.0
1263;20220505;20;14;2;7;5;1600;0;8000;5200.0
1264;20220617;17;8;4;12;4;1890;0;7560;4914.0
1265;20231009;28;8;2;6;4;1890;0;7560;4914.0
1266;20230425;15;10;2;6;4;890;0;3560;2314.0
1267;20231213;49;14;1;4;4;1520.0;0.05;6080.0;4160.0
1268;20240429;33;7;1;4;4;4050.0;0.1;16200.0;11700.0
1269;20240408;2;9;2;7;1;2090.0;0.05;2090.0;1430.0
1270;20220617;5;5;5;16;4;14440.0;0.05;57760.0;39520.0
1271;20230919;50;6;5;15;4;5780.0;0.15;23120.0;17680.0
1272;20230510;15;12;2;7;2;712.5;0.05;1425.0;975.0
1273;20230503;30;4;2;7;5;6791.5;0.15;33957.5;25967.5
1274;20240823;15;12;2;7;4;712.5;0.05;2850.0;1950.0
1275;20240918;17;10;4;12;2;890;0;1780;1157.0
1276;20240520;17;3;4;13;2;12900;0;25800;16770.0
1277;20221028;31;8;1;3;3;1890;0;5670;3685.5
1278;20240829;29;15;1;3;3;1200;0;3600;2340.0
1279;20230911;30;1;2;6;1;25900;0;25900;16835.0
1280;20231130;13;2;5;16;5;18500;0;92500;60125.0
1281;20230119;32;13;3;9;1;2520.0;0.1;2520.0;1820.0
1282;20220315;46;11;5;16;1;1232.5;0.15;1232.5;942.5
1283;20220527;12;2;4;12;5;16650.0;0.1;83250.0;60125.0
1284;20230605;5;3;5;15;1;12900;0;12900;8385.0
1285;20241118;45;8;3;9;5;1795.5;0.05;8977.5;6142.5
1286;20220627;48;6;2;6;3;6800;0;20400;13260.0
1287;20231113;35;13;4;13;1;2800;0;2800;1820.0
1288;20230620;38;3;3;10;1;12900;0;12900;8385.0
1289;20241217;40;11;3;10;2;1450;0;2900;1885.0
1290;20230811;9;13;2;7;4;2660.0;0.05;10640.0;7280.0
1291;20220729;50;6;5;15;1;6460.0;0.05;6460.0;4420.0
1292;20230801;5;2;5;15;3;18500;0;55500;36075.0
1293;20240709;12;7;4;12;1;3825.0;0.15;3825.0;2925.0
1294;20230825;3;11;5;16;5;1450;0;7250;4712.5
1295;20220113;21;12;5;16;3;750;0;2250;1462.5
1296;20230803;46;15;5;16;2;1020.0;0.15;2040.0;1560.0
1297;20230927;30;10;2;7;5;756.5;0.15;3782.5;2892.5
1298;20220223;17;15;4;13;3;1200;0;3600;2340.0
1299;20221103;17;9;4;12;5;2200;0;11000;7150.0
1300;20241223;44;5;5;15;5;15200;0;76000;49400.0
1301;20230106;1;15;1;3;5;1080.0;0.1;5400.0;3900.0
1302;20241115;45;7;3;9;5;4500;0;22500;14625.0
1303;20220628;26;11;3;9;5;1450;0;7250;4712.5
1304;20220110;33;5;1;4;5;12920.0;0.15;64600.0;49400.0
1305;20241022;23;13;3;9;5;2520.0;0.1;12600.0;9100.0
1306;20220721;26;5;3;10;5;12920.0;0.15;64600.0;49400.0
1307;20240416;13;2;5;15;3;16650.0;0.1;49950.0;36075.0
1308;20230904;37;2;3;10;2;15725.0;0.15;31450.0;24050.0
1309;20231115;4;1;1;3;4;25900;0;103600;67340.0
1310;20240424;12;6;4;13;5;6460.0;0.05;32300.0;22100.0
1311;20240916;39;8;3;10;4;1795.5;0.05;7182.0;4914.0
1312;20231128;17;3;4;13;5;12900;0;64500;41925.0
1313;20240924;30;14;2;6;5;1600;0;8000;5200.0
1314;20230615;35;1;4;12;2;23310.0;0.1;46620.0;33670.0
1315;20240401;27;2;5;16;1;18500;0;18500;12025.0
1316;20230315;42;3;1;4;1;12900;0;12900;8385.0
1317;20220725;26;8;3;10;1;1890;0;1890;1228.5
1318;20220921;22;15;1;4;3;1200;0;3600;2340.0
1319;20220307;4;9;1;4;3;2200;0;6600;4290.0
1320;20230501;43;5;4;13;5;14440.0;0.05;72200.0;49400.0
1321;20240702;43;3;4;13;2;11610.0;0.1;23220.0;16770.0
1322;20240614;35;3;4;13;3;12900;0;38700;25155.0
1323;20240215;17;15;4;12;4;1200;0;4800;3120.0
1324;20241011;25;11;4;12;1;1450;0;1450;942.5
1325;20240715;50;13;5;15;3;2520.0;0.1;7560.0;5460.0
1326;20240408;5;4;5;15;5;7191.0;0.1;35955.0;25967.5
1327;20220128;44;4;5;15;4;7191.0;0.1;28764.0;20774.0
1328;20221220;6;1;5;16;3;25900;0;77700;50505.0
1329;20240425;42;10;1;3;3;845.5;0.05;2536.5;1735.5
1330;20230818;12;6;4;12;4;6800;0;27200;17680.0
1331;20220615;24;7;5;15;3;4500;0;13500;8775.0
1332;20230103;6;5;5;15;2;15200;0;30400;19760.0
1333;20240531;15;7;2;7;2;4500;0;9000;5850.0
1334;20230714;2;12;2;6;1;750;0;750;487.5
1335;20230623;18;7;3;9;3;4500;0;13500;8775.0
1336;20221207;19;4;1;4;5;7191.0;0.1;35955.0;25967.5
1337;20220330;44;7;5;16;1;4500;0;4500;2925.0
1338;20220211;43;7;4;13;1;4275.0;0.05;4275.0;2925.0
1339;20240827;2;5;2;6;5;13680.0;0.1;68400.0;49400.0
1340;20240326;30;11;2;7;2;1450;0;2900;1885.0
1341;20220725;12;14;4;13;5;1600;0;8000;5200.0
1342;20230831;6;13;5;16;2;2520.0;0.1;5040.0;3640.0
1343;20230221;1;14;1;3;4;1440.0;0.1;5760.0;4160.0
1344;20240508;1;15;1;4;4;1200;0;4800;3120.0
1345;20240103;25;14;4;13;2;1440.0;0.1;2880.0;2080.0
1346;20220412;10;12;1;4;5;675.0;0.1;3375.0;2437.5
1347;20241106;31;12;1;4;1;750;0;750;487.5
1348;20240905;17;10;4;13;5;890;0;4450;2892.5
1349;20240808;45;8;3;10;3;1890;0;5670;3685.5
1350;20220125;23;8;3;9;5;1890;0;9450;6142.5
1351;20240822;47;8;1;3;1;1890;0;1890;1228.5
1352;20240213;43;15;4;12;4;1140.0;0.05;4560.0;3120.0
1353;20220628;42;1;1;4;4;22015.0;0.15;88060.0;67340.0
1354;20240926;43;6;4;12;4;6800;0;27200;17680.0
1355;20220114;33;6;1;3;2;6460.0;0.05;12920.0;8840.0
1356;20220511;22;11;1;4;3;1450;0;4350;2827.5
1357;20230208;14;8;2;7;3;1890;0;5670;3685.5
1358;20230724;13;1;5;15;2;22015.0;0.15;44030.0;33670.0
1359;20240304;39;9;3;9;4;2200;0;8800;5720.0
1360;20220909;50;11;5;15;5;1305.0;0.1;6525.0;4712.5
1361;20230109;6;12;5;15;1;750;0;750;487.5
1362;20240830;21;4;5;16;1;6791.5;0.15;6791.5;5193.5
1363;20240823;41;1;5;15;4;22015.0;0.15;88060.0;67340.0
1364;20220624;34;14;3;10;4;1600;0;6400;4160.0
1365;20221118;25;9;4;12;1;1870.0;0.15;1870.0;1430.0
1366;20220110;34;9;3;10;4;2200;0;8800;5720.0
1367;20241125;16;2;2;6;5;18500;0;92500;60125.0
1368;20220825;12;15;4;13;2;1200;0;2400;1560.0
1369;20231121;11;11;3;10;1;1450;0;1450;942.5
1370;20221222;47;13;1;3;3;2800;0;8400;5460.0
1371;20240117;17;6;4;12;1;6800;0;6800;4420.0
1372;20240617;47;10;1;4;4;890;0;3560;2314.0
1373;20230627;5;2;5;16;1;18500;0;18500;12025.0
1374;20230309;10;1;1;4;4;25900;0;103600;67340.0
1375;20220317;4;11;1;4;1;1305.0;0.1;1305.0;942.5
1376;20221201;35;2;4;12;5;17575.0;0.05;87875.0;60125.0
1377;20240607;35;8;4;12;4;1701.0;0.1;6804.0;4914.0
1378;20240112;40;11;3;10;1;1377.5;0.05;1377.5;942.5
1379;20240503;13;2;5;15;1;18500;0;18500;12025.0
1380;20240703;13;15;5;16;5;1200;0;6000;3900.0
1381;20220926;34;8;3;9;5;1795.5;0.05;8977.5;6142.5
1382;20240418;2;1;2;7;2;25900;0;51800;33670.0
1383;20240417;50;13;5;15;3;2800;0;8400;5460.0
1384;20230223;28;5;2;7;5;15200;0;76000;49400.0
1385;20221208;42;10;1;3;2;890;0;1780;1157.0
1386;20221018;25;4;4;12;2;6791.5;0.15;13583.0;10387.0
1387;20240919;23;11;3;10;4;1232.5;0.15;4930.0;3770.0
1388;20230427;24;14;5;16;5;1440.0;0.1;7200.0;5200.0
1389;20220303;25;3;4;13;1;12255.0;0.05;12255.0;8385.0
1390;20221128;2;11;2;7;2;1232.5;0.15;2465.0;1885.0
1391;20230421;13;4;5;16;4;6791.5;0.15;27166.0;20774.0
1392;20220117;20;3;2;6;1;12900;0;12900;8385.0
1393;20230222;7;9;3;10;1;2200;0;2200;1430.0
1394;20220214;48;10;2;6;3;890;0;2670;1735.5
1395;20241029;15;3;2;6;2;12900;0;25800;16770.0
1396;20220202;38;4;3;9;2;7990;0;15980;10387.0
1397;20240729;11;1;3;9;2;24605.0;0.05;49210.0;33670.0
1398;20230615;23;5;3;10;4;15200;0;60800;39520.0
1399;20241017;30;13;2;6;5;2660.0;0.05;13300.0;9100.0
1400;20221004;10;15;1;4;2;1200;0;2400;1560.0
1401;20221219;32;10;3;9;4;756.5;0.15;3026.0;2314.0
1402;20220803;46;4;5;16;5;7990;0;39950;25967.5
1403;20240101;2;11;2;7;3;1450;0;4350;2827.5
1404;20240531;8;13;2;6;4;2380.0;0.15;9520.0;7280.0
1405;20231218;30;7;2;7;5;4500;0;22500;14625.0
1406;20240924;16;12;2;7;3;675.0;0.1;2025.0;1462.5
1407;20240704;35;5;4;12;5;14440.0;0.05;72200.0;49400.0
1408;20221205;14;15;2;7;2;1140.0;0.05;2280.0;1560.0
1409;20220815;15;7;2;7;4;4050.0;0.1;16200.0;11700.0
1410;20230301;38;2;3;10;2;18500;0;37000;24050.0
1411;20231031;24;4;5;16;5;7990;0;39950;25967.5
1412;20230613;35;8;4;13;4;1795.5;0.05;7182.0;4914.0
1413;20230927;26;7;3;9;1;4500;0;4500;2925.0
1414;20230228;40;2;3;9;3;18500;0;55500;36075.0
1415;20230601;23;2;3;9;1;18500;0;18500;12025.0
1416;20230419;13;6;5;16;2;5780.0;0.15;11560.0;8840.0
1417;20241009;45;14;3;9;3;1600;0;4800;3120.0
1418;20230512;21;1;5;16;3;25900;0;77700;50505.0
1419;20240726;43;13;4;12;1;2660.0;0.05;2660.0;1820.0
1420;20221202;17;4;4;13;2;7590.5;0.05;15181.0;10387.0
1421;20220928;25;13;4;13;1;2800;0;2800;1820.0
1422;20220214;17;8;4;13;4;1701.0;0.1;6804.0;4914.0
1423;20241125;36;14;2;6;2;1600;0;3200;2080.0
1424;20230904;25;6;4;13;2;6460.0;0.05;12920.0;8840.0
1425;20240326;21;6;5;15;5;6800;0;34000;22100.0
1426;20240515;9;6;2;7;5;5780.0;0.15;28900.0;22100.0
1427;20230710;17;7;4;12;1;4050.0;0.1;4050.0;2925.0
1428;20240705;12;6;4;13;5;6460.0;0.05;32300.0;22100.0
1429;20220216;10;2;1;4;5;18500;0;92500;60125.0
1430;20230213;10;4;1;3;1;7590.5;0.05;7590.5;5193.5
1431;20231016;15;11;2;6;5;1450;0;7250;4712.5
1432;20230814;38;1;3;10;2;25900;0;51800;33670.0
1433;20231117;8;3;2;6;5;12255.0;0.05;61275.0;41925.0
1434;20230913;17;3;4;13;2;12900;0;25800;16770.0
1435;20221019;36;10;2;7;3;801.0;0.1;2403.0;1735.5
1436;20220404;23;1;3;10;2;24605.0;0.05;49210.0;33670.0
1437;20231206;13;9;5;16;3;1980.0;0.1;5940.0;4290.0
1438;20240716;43;1;4;13;1;25900;0;25900;16835.0
1439;20240529;45;14;3;9;3;1520.0;0.05;4560.0;3120.0
1440;20230913;17;3;4;13;5;10965.0;0.15;54825.0;41925.0
1441;20230719;17;12;4;12;5;750;0;3750;2437.5
1442;20240814;9;5;2;6;5;15200;0;76000;49400.0
1443;20230614;28;7;2;6;5;4500;0;22500;14625.0
1444;20231010;42;13;1;3;3;2660.0;0.05;7980.0;5460.0
1445;20220209;23;9;3;9;1;2090.0;0.05;2090.0;1430.0
1446;20230725;35;6;4;12;4;6800;0;27200;17680.0
1447;20240820;22;2;1;4;2;18500;0;37000;24050.0
1448;20240731;35;2;4;12;1;16650.0;0.1;16650.0;12025.0
1449;20220902;17;8;4;12;3;1890;0;5670;3685.5
1450;20240207;5;3;5;16;3;12900;0;38700;25155.0
1451;20230127;8;11;2;6;1;1232.5;0.15;1232.5;942.5
1452;20220221;25;3;4;12;2;10965.0;0.15;21930.0;16770.0
1453;20240808;12;14;4;12;5;1360.0;0.15;6800.0;5200.0
1454;20220107;25;8;4;12;1;1701.0;0.1;1701.0;1228.5
1455;20221209;17;15;4;12;2;1200;0;2400;1560.0
1456;20230501;1;7;1;3;1;4500;0;4500;2925.0
1457;20220830;19;15;1;3;1;1020.0;0.15;1020.0;780.0
1458;20230410;31;9;1;3;1;2200;0;2200;1430.0
1459;20230907;13;15;5;15;5;1140.0;0.05;5700.0;3900.0
1460;20220907;14;2;2;6;3;18500;0;55500;36075.0
1461;20231020;25;1;4;12;4;25900;0;103600;67340.0
1462;20240613;49;14;1;4;3;1360.0;0.15;4080.0;3120.0
1463;20230309;4;15;1;4;2;1140.0;0.05;2280.0;1560.0
1464;20221228;42;13;1;3;5;2800;0;14000;9100.0
1465;20240923;24;11;5;15;4;1232.5;0.15;4930.0;3770.0
1466;20231123;18;11;3;9;3;1232.5;0.15;3697.5;2827.5
1467;20230704;7;10;3;9;5;845.5;0.05;4227.5;2892.5
1468;20220201;46;12;5;15;1;750;0;750;487.5
1469;20240607;23;12;3;9;4;750;0;3000;1950.0
1470;20221018;10;6;1;3;4;6800;0;27200;17680.0
1471;20241106;17;11;4;13;1;1450;0;1450;942.5
1472;20241226;18;5;3;9;3;12920.0;0.15;38760.0;29640.0
1473;20221125;27;11;5;16;3;1450;0;4350;2827.5
1474;20240812;23;4;3;9;5;7990;0;39950;25967.5
1475;20230407;36;14;2;6;4;1440.0;0.1;5760.0;4160.0
1476;20221005;12;2;4;12;4;18500;0;74000;48100.0
1477;20240430;14;3;2;6;1;12900;0;12900;8385.0
1478;20231102;30;2;2;7;4;15725.0;0.15;62900.0;48100.0
1479;20240520;14;4;2;6;4;7990;0;31960;20774.0
1480;20221018;26;10;3;10;4;756.5;0.15;3026.0;2314.0
1481;20220830;12;6;4;13;4;6460.0;0.05;25840.0;17680.0
1482;20230914;35;9;4;12;5;1870.0;0.15;9350.0;7150.0
1483;20220502;12;13;4;13;4;2660.0;0.05;10640.0;7280.0
1484;20220909;44;3;5;16;5;10965.0;0.15;54825.0;41925.0
1485;20230623;35;5;4;13;4;15200;0;60800;39520.0
1486;20220811;29;3;1;3;4;12900;0;51600;33540.0
1487;20241106;1;14;1;4;5;1360.0;0.15;6800.0;5200.0
1488;20241202;35;15;4;13;4;1140.0;0.05;4560.0;3120.0
1489;20230810;35;5;4;12;5;15200;0;76000;49400.0
1490;20221006;31;15;1;4;5;1200;0;6000;3900.0
1491;20231204;45;6;3;10;5;5780.0;0.15;28900.0;22100.0
1492;20221221;49;7;1;3;4;3825.0;0.15;15300.0;11700.0
1493;20241010;12;15;4;12;3;1020.0;0.15;3060.0;2340.0
1494;20220801;15;10;2;7;4;756.5;0.15;3026.0;2314.0
1495;20220617;36;10;2;6;2;890;0;1780;1157.0
1496;20240115;35;12;4;12;5;750;0;3750;2437.5
1497;20240919;17;14;4;13;4;1600;0;6400;4160.0
1498;20230320;44;11;5;16;4;1305.0;0.1;5220.0;3770.0
1499;20220726;4;11;1;4;5;1450;0;7250;4712.5
1500;20220831;20;12;2;7;3;750;0;2250;1462.5
1501;20230822;4;2;1;4;4;16650.0;0.1;66600.0;48100.0
1502;20241007;17;3;4;12;3;12900;0;38700;25155.0
1503;20231010;28;3;2;6;5;12900;0;64500;41925.0
1504;20230109;14;1;2;7;2;25900;0;51800;33670.0
1505;20230227;43;2;4;12;2;18500;0;37000;24050.0
1506;20220214;12;5;4;12;1;15200;0;15200;9880.0
1507;20220330;35;11;4;13;1;1450;0;1450;942.5
1508;20221101;49;10;1;3;1;890;0;890;578.5
1509;20231110;43;9;4;13;3;2090.0;0.05;6270.0;4290.0
1510;20230509;27;6;5;16;3;5780.0;0.15;17340.0;13260.0
1511;20240527;16;11;2;6;4;1377.5;0.05;5510.0;3770.0
1512;20231018;32;13;3;10;1;2800;0;2800;1820.0
1513;20230207;2;10;2;6;1;801.0;0.1;801.0;578.5
1514;20230817;37;10;3;9;4;801.0;0.1;3204.0;2314.0
1515;20240627;49;14;1;4;3;1600;0;4800;3120.0
1516;20240521;29;11;1;4;4;1450;0;5800;3770.0
1517;20230907;43;13;4;13;1;2800;0;2800;1820.0
1518;20241018;31;5;1;3;5;15200;0;76000;49400.0
1519;20220704;46;13;5;16;5;2800;0;14000;9100.0
1520;20220831;22;14;1;4;5;1520.0;0.05;7600.0;5200.0
1521;20221216;33;11;1;3;5;1450;0;7250;4712.5
1522;20230918;48;12;2;6;1;750;0;750;487.5
1523;20221114;16;15;2;7;4;1200;0;4800;3120.0
1524;20240627;12;11;4;13;2;1305.0;0.1;2610.0;1885.0
1525;20240513;29;14;1;3;2;1440.0;0.1;2880.0;2080.0
1526;20240710;34;15;3;10;4;1020.0;0.15;4080.0;3120.0
1527;20220506;14;5;2;6;1;15200;0;15200;9880.0
1528;20241204;29;12;1;3;5;750;0;3750;2437.5
1529;20240408;24;3;5;15;3;12255.0;0.05;36765.0;25155.0
1530;20230712;7;10;3;10;5;890;0;4450;2892.5
1531;20240809;32;13;3;9;2;2520.0;0.1;5040.0;3640.0
1532;20230330;31;1;1;3;5;24605.0;0.05;123025.0;84175.0
1533;20240513;23;8;3;10;4;1890;0;7560;4914.0
1534;20230405;48;14;2;7;1;1440.0;0.1;1440.0;1040.0
1535;20240625;5;5;5;15;5;14440.0;0.05;72200.0;49400.0
1536;20230425;25;12;4;12;4;750;0;3000;1950.0
1537;20231201;14;12;2;7;1;750;0;750;487.5
1538;20240227;40;15;3;10;2;1200;0;2400;1560.0
1539;20241223;34;11;3;10;4;1450;0;5800;3770.0
1540;20240926;12;9;4;12;3;2200;0;6600;4290.0
1541;20241216;27;2;5;15;2;18500;0;37000;24050.0
1542;20220718;37;11;3;10;2;1305.0;0.1;2610.0;1885.0
1543;20221110;25;15;4;12;2;1200;0;2400;1560.0
1544;20240830;29;12;1;3;5;750;0;3750;2437.5
1545;20220519;35;11;4;13;2;1450;0;2900;1885.0
1546;20240722;17;1;4;13;1;23310.0;0.1;23310.0;16835.0
1547;20220218;27;3;5;15;4;12900;0;51600;33540.0
1548;20240506;20;8;2;6;3;1606.5;0.15;4819.5;3685.5
1549;20230704;12;13;4;13;4;2380.0;0.15;9520.0;7280.0
1550;20220429;25;1;4;12;1;25900;0;25900;16835.0
1551;20240402;43;4;4;13;1;7191.0;0.1;7191.0;5193.5
1552;20220919;45;12;3;10;1;675.0;0.1;675.0;487.5
1553;20220524;35;5;4;13;5;15200;0;76000;49400.0
1554;20220131;42;3;1;4;4;10965.0;0.15;43860.0;33540.0
1555;20220404;44;13;5;15;5;2660.0;0.05;13300.0;9100.0
1556;20240509;48;15;2;6;1;1200;0;1200;780.0
1557;20220228;42;8;1;3;3;1890;0;5670;3685.5
1558;20240318;13;11;5;16;2;1450;0;2900;1885.0
1559;20230607;4;2;1;3;5;18500;0;92500;60125.0
1560;20240116;12;4;4;13;3;7990;0;23970;15580.5
1561;20240924;41;3;5;16;5;12255.0;0.05;61275.0;41925.0
1562;20221028;24;10;5;15;5;801.0;0.1;4005.0;2892.5
1563;20230307;19;1;1;3;2;25900;0;51800;33670.0
1564;20230531;36;9;2;7;2;1980.0;0.1;3960.0;2860.0
1565;20230103;36;7;2;7;1;4050.0;0.1;4050.0;2925.0
1566;20230102;17;7;4;13;4;4500;0;18000;11700.0
1567;20241118;30;4;2;7;1;6791.5;0.15;6791.5;5193.5
1568;20220824;16;10;2;7;5;801.0;0.1;4005.0;2892.5
1569;20220208;16;13;2;6;4;2660.0;0.05;10640.0;7280.0
1570;20240909;22;2;1;4;5;18500;0;92500;60125.0
1571;20230425;29;11;1;4;1;1450;0;1450;942.5
1572;20230627;14;5;2;6;1;15200;0;15200;9880.0
1573;20240126;12;13;4;13;1;2800;0;2800;1820.0
1574;20241002;41;2;5;16;5;18500;0;92500;60125.0
1575;20220902;21;10;5;16;1;890;0;890;578.5
1576;20240502;17;6;4;13;5;6120.0;0.1;30600.0;22100.0
1577;20240912;43;3;4;12;3;12900;0;38700;25155.0
1578;20230119;9;7;2;6;5;3825.0;0.15;19125.0;14625.0
1579;20240523;45;13;3;10;2;2380.0;0.15;4760.0;3640.0
1580;20231222;17;8;4;13;3;1795.5;0.05;5386.5;3685.5
1581;20240701;34;9;3;9;2;2200;0;4400;2860.0
1582;20240628;34;13;3;9;3;2800;0;8400;5460.0
1583;20220324;19;2;1;3;2;16650.0;0.1;33300.0;24050.0
1584;20230901;38;15;3;9;4;1200;0;4800;3120.0
1585;20220629;35;9;4;13;5;1870.0;0.15;9350.0;7150.0
1586;20230904;47;4;1;4;1;6791.5;0.15;6791.5;5193.5
1587;20240523;48;15;2;6;5;1020.0;0.15;5100.0;3900.0
1588;20220909;41;3;5;15;5;12900;0;64500;41925.0
1589;20230830;18;9;3;10;3;2200;0;6600;4290.0
1590;20240902;17;6;4;12;1;6800;0;6800;4420.0
1591;20230227;5;5;5;16;3;14440.0;0.05;43320.0;29640.0
1592;20221109;2;12;2;7;5;712.5;0.05;3562.5;2437.5
1593;20231201;3;15;5;15;4;1080.0;0.1;4320.0;3120.0
1594;20230306;7;10;3;10;4;890;0;3560;2314.0
1595;20230525;1;6;1;3;2;6460.0;0.05;12920.0;8840.0
1596;20240130;31;8;1;3;2;1890;0;3780;2457.0
1597;20220812;12;15;4;13;4;1200;0;4800;3120.0
1598;20230608;28;7;2;7;3;4500;0;13500;8775.0
1599;20230922;30;13;2;7;3;2800;0;8400;5460.0
1600;20230531;9;6;2;6;4;6800;0;27200;17680.0
1601;20230721;19;5;1;4;1;15200;0;15200;9880.0
1602;20240813;7;3;3;10;2;12255.0;0.05;24510.0;16770.0
1603;20240905;31;8;1;3;5;1795.5;0.05;8977.5;6142.5
1604;20220608;34;9;3;9;4;2200;0;8800;5720.0
1605;20220120;10;3;1;3;3;11610.0;0.1;34830.0;25155.0
1606;20240507;49;14;1;3;3;1520.0;0.05;4560.0;3120.0
1607;20220429;35;5;4;13;3;14440.0;0.05;43320.0;29640.0
1608;20221226;36;3;2;7;5;12900;0;64500;41925.0
1609;20230908;22;12;1;3;2;637.5;0.15;1275.0;975.0
1610;20220919;12;12;4;12;5;675.0;0.1;3375.0;2437.5
1611;20220623;50;11;5;15;2;1450;0;2900;1885.0
1612;20230905;12;5;4;12;2;15200;0;30400;19760.0
1613;20230809;13;2;5;16;1;17575.0;0.05;17575.0;12025.0
1614;20220330;14;6;2;7;4;6460.0;0.05;25840.0;17680.0
1615;20230208;22;2;1;4;3;18500;0;55500;36075.0
1616;20220301;17;6;4;12;1;6800;0;6800;4420.0
1617;20230215;49;12;1;4;3;750;0;2250;1462.5
1618;20221229;39;2;3;10;4;18500;0;74000;48100.0
1619;20240819;32;5;3;9;1;15200;0;15200;9880.0
1620;20230605;6;6;5;16;3;5780.0;0.15;17340.0;13260.0
1621;20230706;48;5;2;6;2;13680.0;0.1;27360.0;19760.0
1622;20220302;10;11;1;3;5;1450;0;7250;4712.5
1623;20240223;28;15;2;7;1;1200;0;1200;780.0
1624;20241031;45;8;3;9;2;1701.0;0.1;3402.0;2457.0
1625;20241017;10;4;1;4;4;7191.0;0.1;28764.0;20774.0
1626;20240621;24;15;5;15;3;1140.0;0.05;3420.0;2340.0
1627;20231225;12;8;4;12;4;1701.0;0.1;6804.0;4914.0
1628;20220308;36;5;2;6;2;15200;0;30400;19760.0
1629;20220419;20;8;2;6;5;1701.0;0.1;8505.0;6142.5
1630;20230731;43;7;4;13;5;4275.0;0.05;21375.0;14625.0
1631;20221110;9;1;2;6;2;23310.0;0.1;46620.0;33670.0
1632;20230313;41;9;5;15;5;2200;0;11000;7150.0
1633;20220905;45;5;3;9;5;15200;0;76000;49400.0
1634;20240705;42;4;1;3;3;7990;0;23970;15580.5
1635;20221223;18;5;3;9;1;12920.0;0.15;12920.0;9880.0
1636;20240517;5;1;5;16;3;22015.0;0.15;66045.0;50505.0
1637;20241101;11;12;3;9;5;750;0;3750;2437.5
1638;20240617;43;5;4;12;3;15200;0;45600;29640.0
1639;20230104;23;12;3;9;3;750;0;2250;1462.5
1640;20241101;50;14;5;16;5;1600;0;8000;5200.0
1641;20221025;40;11;3;10;5;1305.0;0.1;6525.0;4712.5
1642;20240621;16;5;2;7;2;13680.0;0.1;27360.0;19760.0
1643;20220802;28;4;2;7;4;7990;0;31960;20774.0
1644;20220912;33;3;1;3;4;12900;0;51600;33540.0
1645;20230209;41;12;5;15;2;637.5;0.15;1275.0;975.0
1646;20240912;18;15;3;9;2;1140.0;0.05;2280.0;1560.0
1647;20231016;10;2;1;4;4;18500;0;74000;48100.0
1648;20220525;42;3;1;4;1;11610.0;0.1;11610.0;8385.0
1649;20220304;12;2;4;12;1;15725.0;0.15;15725.0;12025.0
1650;20240510;8;5;2;6;2;12920.0;0.15;25840.0;19760.0
1651;20220504;4;9;1;3;3;1870.0;0.15;5610.0;4290.0
1652;20220824;28;13;2;7;5;2660.0;0.05;13300.0;9100.0
1653;20240220;37;3;3;10;2;12900;0;25800;16770.0
1654;20240221;5;1;5;16;1;25900;0;25900;16835.0
1655;20220104;42;15;1;3;4;1200;0;4800;3120.0
1656;20230523;19;7;1;4;4;4500;0;18000;11700.0
1657;20220901;48;7;2;6;1;4275.0;0.05;4275.0;2925.0
1658;20240603;8;5;2;7;3;15200;0;45600;29640.0
1659;20240517;29;15;1;3;1;1200;0;1200;780.0
1660;20220919;20;9;2;7;3;1980.0;0.1;5940.0;4290.0
1661;20230216;48;11;2;7;3;1305.0;0.1;3915.0;2827.5
1662;20230614;22;15;1;4;4;1020.0;0.15;4080.0;3120.0
1663;20220801;1;14;1;4;2;1360.0;0.15;2720.0;2080.0
1664;20220613;20;8;2;7;4;1890;0;7560;4914.0
1665;20220920;18;2;3;10;3;18500;0;55500;36075.0
1666;20240923;32;8;3;10;4;1795.5;0.05;7182.0;4914.0
1667;20221220;50;6;5;16;2;5780.0;0.15;11560.0;8840.0
1668;20231208;43;8;4;12;5;1701.0;0.1;8505.0;6142.5
1669;20240409;12;10;4;12;4;801.0;0.1;3204.0;2314.0
1670;20220126;19;6;1;4;1;6800;0;6800;4420.0
1671;20230517;41;3;5;16;1;12900;0;12900;8385.0
1672;20230829;15;8;2;6;2;1701.0;0.1;3402.0;2457.0
1673;20240925;14;1;2;6;2;25900;0;51800;33670.0
1674;20220321;12;12;4;12;4;750;0;3000;1950.0
1675;20220214;5;8;5;15;5;1890;0;9450;6142.5
1676;20220119;18;2;3;10;2;18500;0;37000;24050.0
1677;20240129;9;8;2;7;2;1606.5;0.15;3213.0;2457.0
1678;20240715;35;12;4;12;3;712.5;0.05;2137.5;1462.5
1679;20220216;11;3;3;9;1;10965.0;0.15;10965.0;8385.0
1680;20240903;6;1;5;16;4;24605.0;0.05;98420.0;67340.0
1681;20230316;21;15;5;15;5;1080.0;0.1;5400.0;3900.0
1682;20230627;17;5;4;12;1;13680.0;0.1;13680.0;9880.0
1683;20230718;20;10;2;6;1;890;0;890;578.5
1684;20231103;46;14;5;16;1;1360.0;0.15;1360.0;1040.0
1685;20220825;40;11;3;9;4;1377.5;0.05;5510.0;3770.0
1686;20220607;40;7;3;9;2;4500;0;9000;5850.0
1687;20221212;29;10;1;4;3;890;0;2670;1735.5
1688;20240507;30;2;2;6;1;18500;0;18500;12025.0
1689;20220217;23;9;3;9;2;1870.0;0.15;3740.0;2860.0
1690;20240320;11;10;3;10;5;890;0;4450;2892.5
1691;20220113;1;6;1;4;1;6800;0;6800;4420.0
1692;20241213;34;9;3;10;2;2200;0;4400;2860.0
1693;20230809;18;12;3;9;1;750;0;750;487.5
1694;20231116;6;1;5;15;5;24605.0;0.05;123025.0;84175.0
1695;20240617;18;3;3;9;4;12900;0;51600;33540.0
1696;20220819;14;13;2;7;2;2380.0;0.15;4760.0;3640.0
1697;20240613;17;6;4;13;3;6800;0;20400;13260.0
1698;20240527;49;7;1;3;2;4500;0;9000;5850.0
1699;20220124;36;11;2;6;4;1450;0;5800;3770.0
1700;20220517;38;14;3;10;1;1520.0;0.05;1520.0;1040.0
1701;20220408;18;15;3;10;3;1200;0;3600;2340.0
1702;20220915;24;6;5;16;1;6800;0;6800;4420.0
1703;20220721;37;5;3;9;4;12920.0;0.15;51680.0;39520.0
1704;20230731;41;1;5;16;3;25900;0;77700;50505.0
1705;20240105;50;3;5;16;4;12900;0;51600;33540.0
1706;20231009;11;11;3;10;4;1305.0;0.1;5220.0;3770.0
1707;20221219;47;11;1;3;1;1232.5;0.15;1232.5;942.5
1708;20240328;8;5;2;7;4;15200;0;60800;39520.0
1709;20220516;19;7;1;4;4;3825.0;0.15;15300.0;11700.0
1710;20220607;35;11;4;12;5;1377.5;0.05;6887.5;4712.5
1711;20221014;8;15;2;7;4;1140.0;0.05;4560.0;3120.0
1712;20231129;11;6;3;9;3;6120.0;0.1;18360.0;13260.0
1713;20240222;12;5;4;12;4;15200;0;60800;39520.0
1714;20240326;17;11;4;12;2;1450;0;2900;1885.0
1715;20231110;27;1;5;15;3;24605.0;0.05;73815.0;50505.0
1716;20230831;19;14;1;4;1;1360.0;0.15;1360.0;1040.0
1717;20220411;40;3;3;10;1;12900;0;12900;8385.0
1718;20240124;12;5;4;12;4;14440.0;0.05;57760.0;39520.0
1719;20230907;18;14;3;10;1;1600;0;1600;1040.0
1720;20231123;18;4;3;10;3;7590.5;0.05;22771.5;15580.5
1721;20240920;6;12;5;16;4;750;0;3000;1950.0
1722;20220422;42;13;1;3;5;2800;0;14000;9100.0
1723;20220805;40;14;3;10;3;1600;0;4800;3120.0
1724;20240826;28;14;2;7;3;1600;0;4800;3120.0
1725;20220630;38;12;3;10;1;712.5;0.05;712.5;487.5
1726;20220928;5;1;5;16;2;22015.0;0.15;44030.0;33670.0
1727;20230516;6;10;5;15;4;890;0;3560;2314.0
1728;20230607;48;10;2;6;1;890;0;890;578.5
1729;20231219;26;9;3;10;1;1870.0;0.15;1870.0;1430.0
1730;20230905;35;6;4;13;3;6120.0;0.1;18360.0;13260.0
1731;20220913;10;8;1;3;4;1890;0;7560;4914.0
1732;20240916;27;7;5;16;3;3825.0;0.15;11475.0;8775.0
1733;20220531;45;10;3;9;1;890;0;890;578.5
1734;20231214;47;15;1;3;4;1200;0;4800;3120.0
1735;20230221;43;10;4;13;1;756.5;0.15;756.5;578.5
1736;20230703;14;13;2;6;4;2520.0;0.1;10080.0;7280.0
1737;20230816;28;2;2;7;3;17575.0;0.05;52725.0;36075.0
1738;20230213;29;13;1;4;2;2520.0;0.1;5040.0;3640.0
1739;20221214;26;14;3;9;4;1360.0;0.15;5440.0;4160.0
1740;20230622;12;1;4;13;1;25900;0;25900;16835.0
1741;20240308;18;10;3;10;4;890;0;3560;2314.0
1742;20240409;36;11;2;7;4;1450;0;5800;3770.0
1743;20230403;48;7;2;6;2;4275.0;0.05;8550.0;5850.0
1744;20220621;17;2;4;13;2;16650.0;0.1;33300.0;24050.0
1745;20220516;38;3;3;9;3;12900;0;38700;25155.0
1746;20220210;31;1;1;3;5;25900;0;129500;84175.0
1747;20240628;27;1;5;16;2;24605.0;0.05;49210.0;33670.0
1748;20221006;14;11;2;6;2;1450;0;2900;1885.0
1749;20220429;25;11;4;12;1;1450;0;1450;942.5
1750;20231023;49;10;1;3;1;890;0;890;578.5
1751;20220516;10;5;1;3;3;15200;0;45600;29640.0
1752;20220526;25;15;4;13;2;1140.0;0.05;2280.0;1560.0
1753;20220421;31;2;1;3;4;15725.0;0.15;62900.0;48100.0
1754;20231010;35;15;4;12;3;1020.0;0.15;3060.0;2340.0
1755;20240325;15;1;2;6;2;22015.0;0.15;44030.0;33670.0
1756;20240510;29;6;1;3;4;6120.0;0.1;24480.0;17680.0
1757;20221005;30;12;2;6;3;750;0;2250;1462.5
1758;20221108;3;9;5;16;5;2200;0;11000;7150.0
1759;20221114;19;1;1;3;3;25900;0;77700;50505.0
1760;20220513;15;5;2;7;4;15200;0;60800;39520.0
1761;20231213;50;5;5;16;4;12920.0;0.15;51680.0;39520.0
1762;20220907;27;15;5;15;2;1200;0;2400;1560.0
1763;20230324;34;2;3;9;5;16650.0;0.1;83250.0;60125.0
1764;20240506;28;7;2;7;4;4275.0;0.05;17100.0;11700.0
1765;20230908;39;2;3;9;5;17575.0;0.05;87875.0;60125.0
1766;20220830;24;6;5;15;1;6460.0;0.05;6460.0;4420.0
1767;20240516;21;10;5;16;4;890;0;3560;2314.0
1768;20230908;12;2;4;12;2;18500;0;37000;24050.0
1769;20230619;23;2;3;10;2;15725.0;0.15;31450.0;24050.0
1770;20240913;16;2;2;6;1;18500;0;18500;12025.0
1771;20221201;23;8;3;9;5;1890;0;9450;6142.5
1772;20221109;25;10;4;12;2;801.0;0.1;1602.0;1157.0
1773;20220419;21;12;5;16;5;637.5;0.15;3187.5;2437.5
1774;20221011;25;14;4;12;3;1600;0;4800;3120.0
1775;20220622;35;1;4;12;3;24605.0;0.05;73815.0;50505.0
1776;20230705;17;10;4;12;3;801.0;0.1;2403.0;1735.5
1777;20240405;3;5;5;15;1;12920.0;0.15;12920.0;9880.0
1778;20240206;25;3;4;12;4;12900;0;51600;33540.0
1779;20220518;40;1;3;10;1;24605.0;0.05;24605.0;16835.0
1780;20220426;26;6;3;10;3;6460.0;0.05;19380.0;13260.0
1781;20240926;43;1;4;13;4;25900;0;103600;67340.0
1782;20220530;12;14;4;12;3;1440.0;0.1;4320.0;3120.0
1783;20220601;2;14;2;7;1;1600;0;1600;1040.0
1784;20241105;17;3;4;13;1;12900;0;12900;8385.0
1785;20220304;3;15;5;15;1;1200;0;1200;780.0
1786;20240913;22;2;1;4;3;18500;0;55500;36075.0
1787;20231024;45;3;3;9;2;11610.0;0.1;23220.0;16770.0
1788;20230817;16;14;2;7;2;1440.0;0.1;2880.0;2080.0
1789;20231117;42;9;1;4;2;1980.0;0.1;3960.0;2860.0
1790;20220513;32;13;3;10;4;2800;0;11200;7280.0
1791;20221215;45;2;3;9;3;16650.0;0.1;49950.0;36075.0
1792;20220120;4;8;1;3;1;1890;0;1890;1228.5
1793;20230504;35;4;4;12;4;7990;0;31960;20774.0
1794;20241014;44;9;5;16;3;2200;0;6600;4290.0
1795;20230607;30;2;2;7;2;18500;0;37000;24050.0
1796;20220928;43;9;4;12;2;2090.0;0.05;4180.0;2860.0
1797;20240718;34;3;3;9;3;11610.0;0.1;34830.0;25155.0
1798;20220608;28;15;2;6;1;1020.0;0.15;1020.0;780.0
1799;20231115;33;3;1;4;3;12900;0;38700;25155.0
1800;20230524;26;2;3;10;5;18500;0;92500;60125.0
1801;20240101;9;7;2;7;5;4275.0;0.05;21375.0;14625.0
1802;20220314;33;5;1;4;3;15200;0;45600;29640.0
1803;20220912;17;5;4;13;2;14440.0;0.05;28880.0;19760.0
1804;20220607;46;8;5;15;5;1795.5;0.05;8977.5;6142.5
1805;20220222;8;4;2;7;1;7990;0;7990;5193.5
1806;20221122;8;9;2;7;1;2200;0;2200;1430.0
1807;20240919;35;2;4;13;2;15725.0;0.15;31450.0;24050.0
1808;20240703;17;3;4;13;2;12900;0;25800;16770.0
1809;20220923;21;12;5;16;1;750;0;750;487.5
1810;20240904;45;4;3;9;2;7990;0;15980;10387.0
1811;20220120;9;6;2;7;4;6800;0;27200;17680.0
1812;20220421;25;1;4;12;2;25900;0;51800;33670.0
1813;20220104;47;6;1;4;4;6120.0;0.1;24480.0;17680.0
1814;20240325;28;2;2;7;1;18500;0;18500;12025.0
1815;20220517;30;9;2;6;2;2200;0;4400;2860.0
1816;20241120;45;6;3;10;4;6460.0;0.05;25840.0;17680.0
1817;20230608;21;11;5;16;4;1450;0;5800;3770.0
1818;20240809;29;5;1;4;3;13680.0;0.1;41040.0;29640.0
1819;20240708;22;11;1;3;5;1232.5;0.15;6162.5;4712.5
1820;20220725;20;14;2;7;2;1360.0;0.15;2720.0;2080.0
1821;20240925;12;4;4;13;5;6791.5;0.15;33957.5;25967.5
1822;20230627;23;12;3;9;1;750;0;750;487.5
1823;20240126;40;11;3;9;5;1377.5;0.05;6887.5;4712.5
1824;20240425;40;6;3;10;3;6460.0;0.05;19380.0;13260.0
1825;20240117;26;4;3;10;1;7191.0;0.1;7191.0;5193.5
1826;20230515;5;7;5;16;4;4050.0;0.1;16200.0;11700.0
1827;20240904;1;8;1;3;2;1795.5;0.05;3591.0;2457.0
1828;20220823;21;10;5;16;5;756.5;0.15;3782.5;2892.5
1829;20231013;25;2;4;12;3;18500;0;55500;36075.0
1830;20220318;15;14;2;7;5;1600;0;8000;5200.0
1831;20220103;7;7;3;9;3;3825.0;0.15;11475.0;8775.0
1832;20240813;18;6;3;9;3;6120.0;0.1;18360.0;13260.0
1833;20240419;22;3;1;3;2;12255.0;0.05;24510.0;16770.0
1834;20221223;23;1;3;10;4;25900;0;103600;67340.0
1835;20230310;35;15;4;13;1;1200;0;1200;780.0
1836;20220720;36;7;2;6;3;4050.0;0.1;12150.0;8775.0
1837;20230309;18;7;3;10;5;4500;0;22500;14625.0
1838;20220921;22;10;1;4;4;801.0;0.1;3204.0;2314.0
1839;20240923;12;3;4;13;5;12255.0;0.05;61275.0;41925.0
1840;20230524;50;12;5;16;3;712.5;0.05;2137.5;1462.5
1841;20240313;35;7;4;12;4;4500;0;18000;11700.0
1842;20230310;12;13;4;12;2;2520.0;0.1;5040.0;3640.0
1843;20240220;44;6;5;16;2;6120.0;0.1;12240.0;8840.0
1844;20220111;31;3;1;4;4;10965.0;0.15;43860.0;33540.0
1845;20220322;41;14;5;16;1;1600;0;1600;1040.0
1846;20240322;29;10;1;4;1;890;0;890;578.5
1847;20240104;7;2;3;9;5;15725.0;0.15;78625.0;60125.0
1848;20231213;30;3;2;6;5;10965.0;0.15;54825.0;41925.0
1849;20240620;48;11;2;7;2;1450;0;2900;1885.0
1850;20220407;33;10;1;3;2;890;0;1780;1157.0
1851;20220520;36;15;2;6;1;1080.0;0.1;1080.0;780.0
1852;20230929;8;8;2;7;1;1701.0;0.1;1701.0;1228.5
1853;20220922;4;5;1;3;4;14440.0;0.05;57760.0;39520.0
1854;20230922;21;14;5;15;5;1360.0;0.15;6800.0;5200.0
1855;20220725;17;11;4;12;1;1450;0;1450;942.5
1856;20231115;30;12;2;7;5;750;0;3750;2437.5
1857;20231208;26;11;3;10;1;1305.0;0.1;1305.0;942.5
1858;20230822;34;7;3;10;1;4275.0;0.05;4275.0;2925.0
1859;20240320;2;5;2;7;4;15200;0;60800;39520.0
1860;20240723;47;5;1;4;1;12920.0;0.15;12920.0;9880.0
1861;20231020;29;3;1;4;4;10965.0;0.15;43860.0;33540.0
1862;20221031;10;6;1;4;5;6120.0;0.1;30600.0;22100.0
1863;20240730;27;9;5;15;1;2200;0;2200;1430.0
1864;20231023;40;12;3;9;5;750;0;3750;2437.5
1865;20240715;40;5;3;10;4;15200;0;60800;39520.0
1866;20241014;35;10;4;13;2;801.0;0.1;1602.0;1157.0
1867;20240418;16;10;2;7;5;890;0;4450;2892.5
1868;20220519;1;1;1;3;2;25900;0;51800;33670.0
1869;20221207;35;6;4;12;2;5780.0;0.15;11560.0;8840.0
1870;20220331;20;13;2;7;4;2800;0;11200;7280.0
1871;20241231;1;14;1;4;1;1520.0;0.05;1520.0;1040.0
1872;20230406;50;14;5;15;1;1600;0;1600;1040.0
1873;20221014;35;3;4;12;5;11610.0;0.1;58050.0;41925.0
1874;20221018;37;8;3;9;3;1890;0;5670;3685.5
1875;20240416;43;13;4;12;2;2800;0;5600;3640.0
1876;20230601;19;1;1;4;2;25900;0;51800;33670.0
1877;20220923;44;14;5;16;1;1600;0;1600;1040.0
1878;20230522;14;10;2;7;4;801.0;0.1;3204.0;2314.0
1879;20230922;44;14;5;16;2;1600;0;3200;2080.0
1880;20240112;12;10;4;13;1;890;0;890;578.5
1881;20240513;4;8;1;4;2;1890;0;3780;2457.0
1882;20230714;19;14;1;4;3;1600;0;4800;3120.0
1883;20240405;10;5;1;3;1;13680.0;0.1;13680.0;9880.0
1884;20240606;46;9;5;15;3;2090.0;0.05;6270.0;4290.0
1885;20240725;5;10;5;15;4;890;0;3560;2314.0
1886;20230426;29;7;1;3;3;4500;0;13500;8775.0
1887;20220331;14;9;2;6;3;1870.0;0.15;5610.0;4290.0
1888;20241004;12;13;4;12;5;2520.0;0.1;12600.0;9100.0
1889;20240529;11;7;3;9;5;3825.0;0.15;19125.0;14625.0
1890;20220302;41;3;5;15;3;10965.0;0.15;32895.0;25155.0
1891;20230518;33;9;1;4;2;1870.0;0.15;3740.0;2860.0
1892;20220322;25;13;4;12;2;2800;0;5600;3640.0
1893;20240909;30;10;2;6;4;756.5;0.15;3026.0;2314.0
1894;20240925;41;1;5;15;4;24605.0;0.05;98420.0;67340.0
1895;20230921;35;9;4;12;2;2200;0;4400;2860.0
1896;20230920;24;6;5;15;2;6800;0;13600;8840.0
1897;20221123;14;2;2;7;5;18500;0;92500;60125.0
1898;20221226;46;1;5;15;1;22015.0;0.15;22015.0;16835.0
1899;20230210;1;3;1;3;4;12900;0;51600;33540.0
1900;20220706;32;10;3;10;2;890;0;1780;1157.0
1901;20221227;12;11;4;12;1;1450;0;1450;942.5
1902;20241021;25;15;4;13;2;1140.0;0.05;2280.0;1560.0
1903;20230119;38;5;3;10;2;13680.0;0.1;27360.0;19760.0
1904;20230814;44;2;5;16;1;18500;0;18500;12025.0
1905;20221129;11;4;3;10;2;7191.0;0.1;14382.0;10387.0
1906;20220725;13;2;5;15;3;15725.0;0.15;47175.0;36075.0
1907;20220201;28;11;2;7;4;1450;0;5800;3770.0
1908;20230308;22;5;1;3;5;14440.0;0.05;72200.0;49400.0
1909;20231213;22;14;1;3;5;1520.0;0.05;7600.0;5200.0
1910;20221024;35;8;4;13;1;1890;0;1890;1228.5
1911;20240806;48;7;2;7;5;4500;0;22500;14625.0
1912;20240523;42;13;1;4;3;2800;0;8400;5460.0
1913;20241107;39;4;3;10;1;7990;0;7990;5193.5
1914;20230712;12;13;4;13;1;2520.0;0.1;2520.0;1820.0
1915;20240326;41;7;5;16;5;3825.0;0.15;19125.0;14625.0
1916;20220124;20;8;2;7;2;1890;0;3780;2457.0
1917;20230501;11;4;3;10;5;7990;0;39950;25967.5
1918;20240805;47;5;1;4;3;15200;0;45600;29640.0
1919;20240806;3;2;5;16;3;16650.0;0.1;49950.0;36075.0
1920;20230925;18;8;3;9;4;1890;0;7560;4914.0
1921;20240308;12;6;4;12;4;5780.0;0.15;23120.0;17680.0
1922;20240524;12;10;4;13;1;890;0;890;578.5
1923;20230109;33;3;1;4;3;12900;0;38700;25155.0
1924;20240605;14;11;2;6;2;1450;0;2900;1885.0
1925;20240909;8;11;2;7;1;1450;0;1450;942.5
1926;20221124;24;1;5;15;5;22015.0;0.15;110075.0;84175.0
1927;20241028;26;1;3;9;3;23310.0;0.1;69930.0;50505.0
1928;20231229;13;6;5;16;1;6800;0;6800;4420.0
1929;20230413;42;2;1;4;2;18500;0;37000;24050.0
1930;20220726;12;11;4;12;4;1450;0;5800;3770.0
1931;20230809;39;13;3;10;3;2800;0;8400;5460.0
1932;20230614;25;10;4;12;1;890;0;890;578.5
1933;20220602;18;15;3;9;5;1200;0;6000;3900.0
1934;20241018;38;12;3;10;5;675.0;0.1;3375.0;2437.5
1935;20240731;20;14;2;6;5;1600;0;8000;5200.0
1936;20231225;12;2;4;13;2;16650.0;0.1;33300.0;24050.0
1937;20240521;5;14;5;16;5;1600;0;8000;5200.0
1938;20221007;44;8;5;16;3;1890;0;5670;3685.5
1939;20231017;16;4;2;7;3;7990;0;23970;15580.5
1940;20220426;19;8;1;4;4;1890;0;7560;4914.0
1941;20231127;44;2;5;15;3;15725.0;0.15;47175.0;36075.0
1942;20240212;35;4;4;12;5;7990;0;39950;25967.5
1943;20230110;43;11;4;13;2;1305.0;0.1;2610.0;1885.0
1944;20230829;32;2;3;9;1;17575.0;0.05;17575.0;12025.0
1945;20231013;41;11;5;15;2;1450;0;2900;1885.0
1946;20241017;8;7;2;7;3;4050.0;0.1;12150.0;8775.0
1947;20220204;10;14;1;3;1;1520.0;0.05;1520.0;1040.0
1948;20230830;10;9;1;4;5;2090.0;0.05;10450.0;7150.0
1949;20241018;20;12;2;7;5;750;0;3750;2437.5
1950;20240523;29;15;1;3;3;1080.0;0.1;3240.0;2340.0
1951;20230810;4;12;1;4;3;712.5;0.05;2137.5;1462.5
1952;20220713;25;13;4;12;4;2380.0;0.15;9520.0;7280.0
1953;20240501;44;2;5;16;2;18500;0;37000;24050.0
1954;20240101;35;6;4;13;4;6800;0;27200;17680.0
1955;20220311;19;5;1;4;4;15200;0;60800;39520.0
1956;20220726;32;7;3;9;3;4500;0;13500;8775.0
1957;20240603;20;9;2;7;3;1980.0;0.1;5940.0;4290.0
1958;20230217;29;5;1;4;2;15200;0;30400;19760.0
1959;20230109;35;4;4;12;2;7990;0;15980;10387.0
1960;20221025;48;5;2;6;2;15200;0;30400;19760.0
1961;20240212;47;15;1;3;1;1080.0;0.1;1080.0;780.0
1962;20221020;33;14;1;4;1;1600;0;1600;1040.0
1963;20220701;27;12;5;16;4;675.0;0.1;2700.0;1950.0
1964;20230913;11;12;3;10;1;712.5;0.05;712.5;487.5
1965;20241115;11;14;3;9;2;1600;0;3200;2080.0
1966;20220419;11;12;3;10;2;637.5;0.15;1275.0;975.0
1967;20240624;30;6;2;6;3;6460.0;0.05;19380.0;13260.0
1968;20240118;7;7;3;10;1;3825.0;0.15;3825.0;2925.0
1969;20240619;30;11;2;6;1;1232.5;0.15;1232.5;942.5
1970;20240823;9;10;2;6;4;890;0;3560;2314.0
1971;20241119;37;3;3;10;4;12900;0;51600;33540.0
1972;20241104;18;4;3;9;1;7191.0;0.1;7191.0;5193.5
1973;20240527;31;2;1;3;4;16650.0;0.1;66600.0;48100.0
1974;20230630;2;7;2;6;3;4050.0;0.1;12150.0;8775.0
1975;20221130;37;9;3;10;2;2200;0;4400;2860.0
1976;20230529;35;13;4;13;4;2520.0;0.1;10080.0;7280.0
1977;20230825;11;4;3;10;1;7990;0;7990;5193.5
1978;20220912;23;11;3;10;4;1450;0;5800;3770.0
1979;20230726;40;2;3;9;3;15725.0;0.15;47175.0;36075.0
1980;20221205;35;10;4;12;4;756.5;0.15;3026.0;2314.0
1981;20220330;26;9;3;10;2;2090.0;0.05;4180.0;2860.0
1982;20230927;40;6;3;10;4;6460.0;0.05;25840.0;17680.0
1983;20231129;25;15;4;12;1;1200;0;1200;780.0
1984;20231005;40;14;3;10;1;1600;0;1600;1040.0
1985;20221025;36;15;2;6;2;1080.0;0.1;2160.0;1560.0
1986;20240214;46;6;5;15;2;6120.0;0.1;12240.0;8840.0
1987;20240305;31;2;1;3;3;18500;0;55500;36075.0
1988;20221013;42;4;1;3;3;7191.0;0.1;21573.0;15580.5
1989;20220822;27;14;5;16;2;1600;0;3200;2080.0
1990;20221223;34;4;3;9;5;6791.5;0.15;33957.5;25967.5
1991;20231221;1;13;1;4;5;2800;0;14000;9100.0
1992;20220204;12;3;4;12;3;12900;0;38700;25155.0
1993;20240730;2;5;2;7;1;14440.0;0.05;14440.0;9880.0
1994;20220418;15;14;2;7;1;1600;0;1600;1040.0
1995;20220808;1;12;1;3;5;675.0;0.1;3375.0;2437.5
1996;20230411;27;4;5;16;5;7990;0;39950;25967.5
1997;20221019;3;5;5;15;3;14440.0;0.05;43320.0;29640.0
1998;20230223;40;10;3;10;4;845.5;0.05;3382.0;2314.0
1999;20231124;19;7;1;4;5;4500;0;22500;14625.0
2000;20231214;44;4;5;16;4;7990;0;31960;20774.0
